Timestamp,market-cap
2018-05-15 00:02:47,147820075725
2018-05-15 16:34:39,145983360637.5
2018-05-16 09:10:58,139827689312.5
2018-05-16 23:33:23,141542665781.25
2018-05-17 17:49:41,140826693725.972
2018-05-18 14:17:18,137747892187.5
2018-05-19 08:11:54,139377792537.5
2018-05-19 23:28:47,139956073413.379
2018-05-20 17:01:56,144640899900
2018-05-21 11:18:51,144550080000
2018-05-22 02:23:01,141390720900
2018-05-22 18:55:03,140148735593.75
2018-05-23 12:52:50,135095873087.5
2018-05-24 04:30:22,131525781062.5
2018-05-24 22:14:43,128330187918.75
2018-05-25 14:04:13,127589875075
2018-05-26 04:14:57,126789750675
2018-05-26 20:54:04,128479875218.75
2018-05-27 11:42:54,124958928412.5
2018-05-28 03:51:27,125975323912.5
2018-05-28 20:47:33,123571102787.5
2018-05-29 13:11:03,126319349893.75
2018-05-30 08:16:46,127830835675
2018-05-30 22:15:20,125298202218.75
2018-05-31 14:03:17,128636011406.25
2018-06-01 05:00:43,127784278912.5
2018-06-01 19:58:56,126932317112.5
2018-06-02 12:03:50,130305085443.75
2018-06-03 04:20:16,130187354325
2018-06-03 19:54:24,131478114112.5
2018-06-04 12:11:01,128278464600
2018-06-05 01:15:16,128100682325
2018-06-05 14:13:12,126198106250
2018-06-06 08:03:30,130101822825
2018-06-07 02:02:30,131777364468.75
2018-06-07 20:09:11,131480227750
2018-06-08 13:05:34,129201597875
2018-06-09 08:22:10,130638193612.5
2018-06-10 02:46:31,125010487687.5
2018-06-10 22:43:21,114486669393.75
2018-06-11 17:03:47,115144961062.5
2018-06-12 11:03:05,116897047981.25
2018-06-13 04:30:21,111736463125
2018-06-13 23:27:36,108061957125
2018-06-14 14:02:01,109044793500
2018-06-15 09:36:51,112489452431.25
2018-06-16 01:52:04,109626256406.25
2018-06-16 17:31:38,111250504350
2018-06-17 07:43:59,111438822000
2018-06-18 02:18:26,109754745375
2018-06-18 17:35:31,115355385731.25
2018-06-19 09:37:31,114697413262.5
2018-06-20 02:16:19,112850624975
2018-06-20 19:40:28,115604902831.25
2018-06-21 09:51:32,114938237550
2018-06-22 02:45:33,113629924575
2018-06-22 18:43:18,105452091937.5
2018-06-23 12:50:08,104810291181.25
2018-06-24 04:41:22,101952551250
2018-06-24 18:16:59,105785400337.5
2018-06-25 10:58:16,105853569062.5
2018-06-26 03:52:50,106717714437.5
2018-06-26 21:34:44,105741811875
2018-06-27 16:48:34,104517535981.25
2018-06-28 11:29:16,104482902275
2018-06-29 05:27:27,99705817756.25
2018-06-29 21:55:42,101057732750
2018-06-30 16:56:54,108857109075
2018-07-01 09:38:21,109182509537.5
2018-07-02 02:12:58,108309013650
2018-07-02 20:19:30,113353186725
2018-07-03 18:35:07,112625558437.5
2018-07-04 14:42:26,114707167200
2018-07-05 11:21:52,113791076100
2018-07-06 05:19:57,111538352625
2018-07-06 20:14:35,112515253793.75
2018-07-07 13:43:02,112001467900
2018-07-08 07:25:33,115360744675
2018-07-08 22:29:51,115712523806.25
2018-07-09 16:47:39,114984528562.5
2018-07-10 10:28:20,110699564825
2018-07-11 05:09:43,108865589543.75
2018-07-11 23:53:18,109114181343.75
2018-07-12 18:01:23,105856548525
2018-07-13 10:51:51,106850907350
2018-07-14 08:12:31,106662037250
2018-07-15 03:14:11,107082024350
2018-07-15 21:51:51,109328571412.5
2018-07-16 17:45:59,114285525037.5
2018-07-17 12:16:57,114963510975
2018-07-18 05:02:05,127624622500
2018-07-18 19:42:43,127016944681.25
2018-07-19 11:18:35,126640799175
2018-07-20 02:20:24,128066289793.75
2018-07-20 16:44:42,128642563775
2018-07-21 10:30:03,125426284450
2018-07-22 05:33:53,126886336237.5
2018-07-22 20:17:37,129213603200
2018-07-23 10:46:13,132056018587.5
2018-07-24 02:21:16,133036344581.25
2018-07-24 17:11:14,140523558625
2018-07-25 10:07:28,141676295268.75
2018-07-26 00:28:51,140888875500
2018-07-26 15:52:24,141071676750
2018-07-27 09:41:12,137012476675
2018-07-27 23:04:17,141737925375
2018-07-28 18:15:00,140503872250
2018-07-29 06:47:45,141073195781.25
2018-07-30 00:53:09,138902421600
2018-07-30 20:50:44,139832394712.5
2018-07-31 14:00:40,132747166250
2018-08-01 06:23:13,129149025150
2018-08-02 00:07:00,130679910475
2018-08-02 17:01:01,130123041850
2018-08-03 08:59:43,126884780843.75
2018-08-04 00:28:36,127358746462.5
2018-08-04 15:02:11,120950561580.611
2018-08-05 06:41:18,119556548125
2018-08-05 21:51:53,120967133600
2018-08-06 17:28:42,119042226281.25
2018-08-07 13:06:28,122172428875
2018-08-08 04:46:15,111391138437.5
2018-08-08 20:21:48,108536420225
2018-08-09 14:54:20,110866768375
2018-08-10 07:19:36,111253804200
2018-08-10 20:46:33,109103685000
2018-08-11 11:53:50,104802732050
2018-08-12 02:40:48,108183075000
2018-08-12 19:18:49,108354942437.5
2018-08-13 13:54:24,110178742087.5
2018-08-14 06:33:17,102873683325
2018-08-15 01:50:37,106788360250
2018-08-15 17:30:25,112648613000
2018-08-16 09:09:49,109860297093.75
2018-08-17 02:41:07,109257734025
2018-08-17 19:07:41,112115373906.25
2018-08-18 11:23:47,112304860250
2018-08-19 03:47:46,109119708750
2018-08-19 20:59:12,110660795425
2018-08-20 15:15:12,111031027406.25
2018-08-21 08:20:06,111323977600
2018-08-22 01:53:48,111272421750
2018-08-22 18:27:10,110807540462.5
2018-08-23 10:55:07,110557751600
2018-08-24 05:02:32,112013448825
2018-08-24 22:02:33,115175112937.5
2018-08-25 16:24:49,115416662162.5
2018-08-26 08:33:19,114262490937.5
2018-08-27 00:09:22,115486363118.75
2018-08-27 15:14:53,115771158343.75
2018-08-28 04:22:59,118796459156.25
2018-08-28 22:03:26,121804907175
2018-08-29 15:56:32,121288590850
2018-08-30 08:39:55,120108467375
2018-08-31 03:20:27,119867791781.25
2018-08-31 19:11:30,121480624650
2018-09-01 12:06:54,121783189843.75
2018-09-02 04:35:31,124681169250
2018-09-02 23:22:59,125441053968.75
2018-09-03 16:40:02,125192067525
2018-09-04 11:43:28,126115972106.25
2018-09-05 09:02:02,127247022362.5
2018-09-06 01:46:35,110246749206.25
2018-09-06 19:52:39,111023055000
2018-09-07 12:25:55,110367369818.75
2018-09-08 05:19:38,110669351781.25
2018-09-08 23:18:47,106398187637.5
2018-09-09 16:01:24,109771814681.25
2018-09-10 08:11:49,108831117168.75
2018-09-11 01:54:23,109115806593.75
2018-09-11 22:44:59,108770382400
2018-09-12 13:06:35,107751695625
2018-09-13 05:26:04,110306644037.5
2018-09-13 23:13:07,111800101875
2018-09-14 20:15:07,112870811287.5
2018-09-15 14:17:05,113268108887.5
2018-09-16 08:37:08,111593012675
2018-09-17 03:02:41,112473961600
2018-09-17 21:46:59,107931199668.75
2018-09-18 14:24:59,109580632162.5
2018-09-19 08:25:56,109632385450
2018-09-20 01:58:31,110574080000
2018-09-20 18:05:19,110548082925
2018-09-21 13:25:07,116284918812.5
2018-09-22 05:37:46,116276722412.5
2018-09-22 21:43:50,115741404775
2018-09-23 16:20:41,115370115937.5
2018-09-24 09:29:25,114203646750
2018-09-25 01:35:59,111308417400
2018-09-25 17:16:55,110425870100.624
2018-09-26 08:49:48,111274015250
2018-09-27 04:57:15,111939749025
2018-09-27 22:55:00,115605666000
2018-09-28 16:05:42,115052574387.5
2018-09-29 08:55:56,112683536406.25
2018-09-30 02:23:08,113799196487.5
2018-09-30 17:01:37,114223133268.75
2018-10-01 08:49:26,114076359581.25
2018-10-02 01:20:09,113531578125
2018-10-02 21:20:21,112761793031.25
2018-10-03 14:00:46,111516143187.5
2018-10-04 08:35:54,113947333875
2018-10-05 01:41:46,113679336825
2018-10-05 21:17:35,113255453800
2018-10-06 18:44:02,113143131412.5
2018-10-07 11:14:03,112788457650
2018-10-08 08:05:31,113481031343.75
2018-10-09 04:33:22,114372801556.25
2018-10-09 22:54:03,114208502750
2018-10-10 16:16:59,112598388262.5
2018-10-11 10:31:25,107334310737.5
2018-10-12 02:31:10,107074334362.5
2018-10-12 21:27:43,107619489250
2018-10-13 16:11:57,107376734887.5
2018-10-14 13:08:31,107870030468.75
2018-10-15 07:45:49,112053178650
2018-10-16 00:00:04,111507535125
2018-10-16 19:37:41,111299574100
2018-10-17 14:10:11,111308246500
2018-10-18 08:00:20,111706805368.75
2018-10-19 03:22:33,110857611125
2018-10-19 21:35:23,110658275375
2018-10-20 15:49:23,110857550700
2018-10-21 11:05:11,111637453331.25
2018-10-22 04:15:27,111169355000
2018-10-22 20:12:42,110787864793.75
2018-10-23 11:54:21,110614366500
2018-10-24 10:23:30,111697918525
2018-10-25 07:31:01,110995580350
2018-10-26 00:37:19,110908762406.25
2018-10-26 19:40:07,111099498225
2018-10-27 11:52:23,111064785356.25
2018-10-28 09:51:24,111090695762.5
2018-10-29 01:36:59,111107935312.5
2018-10-29 19:51:25,108262690200
2018-10-30 14:27:19,108704858625
2018-10-31 05:40:54,108817345256.25
2018-10-31 21:03:17,109441744475
2018-11-01 13:04:09,109406795681.25
2018-11-02 05:53:41,110309095050
2018-11-03 01:08:47,110126833875
2018-11-03 17:39:19,109909668750
2018-11-04 11:30:47,110169845475
2018-11-05 07:43:57,111341486581.25
2018-11-06 00:09:32,111237292862.5
2018-11-06 20:55:42,111584444137.5
2018-11-07 16:09:42,113008328700
2018-11-08 12:35:06,112443959687.5
2018-11-09 10:23:46,110359872400
2018-11-10 06:33:27,110498635575
2018-11-11 00:44:56,110507303800
2018-11-11 18:43:16,109925190900
2018-11-12 13:55:16,110706813843.75
2018-11-13 11:01:05,109290675212.5
2018-11-14 04:16:18,108995021662.5
2018-11-15 02:02:16,96110043737.5
2018-11-15 21:59:44,95639547825
2018-11-16 18:46:10,95812011987.5
2018-11-17 12:46:16,95350177325
2018-11-18 06:18:01,96330974725
2018-11-19 03:47:28,95530062537.5
2018-11-20 00:32:54,83437687668.75
2018-11-20 20:46:40,74316510431.25
2018-11-21 18:46:57,76408709575
2018-11-22 15:28:04,77162300781.25
2018-11-23 14:40:15,74394526950
2018-11-24 09:12:39,74861173687.5
2018-11-25 03:01:11,63144288112.5
2018-11-26 02:01:16,68932719225
2018-11-27 00:33:36,63675907456.25
2018-11-27 19:40:41,64298388000
2018-11-28 15:03:55,72767500968.75
2018-11-29 17:22:52,74678332100
2018-11-30 18:34:04,69340732901.4662
2018-12-01 16:22:40,73750205750
2018-12-02 13:56:56,71623949918.75
2018-12-03 10:46:27,68888198400
2018-12-04 09:33:25,68545467925
2018-12-05 03:09:30,66749058750
2018-12-05 23:47:15,64934963875
2018-12-06 18:42:33,62493823162.5
2018-12-07 16:30:46,56186991175
2018-12-08 13:04:55,57906474243.75
2018-12-09 11:51:19,59582685300
2018-12-10 06:36:51,60449330662.5
2018-12-11 02:38:51,58930038856.25
2018-12-11 23:00:37,58246544400
2018-12-12 20:02:15,59888455875
2018-12-13 17:50:51,58717227712.5
2018-12-14 10:14:01,56909861287.5
2018-12-15 04:18:10,55973395312.5
2018-12-15 21:27:55,55725030075
2018-12-16 19:03:14,56234670100
2018-12-17 14:10:48,59044835850
2018-12-18 04:44:04,60940411087.5
2018-12-19 01:52:06,64666459375
2018-12-19 19:46:47,64819590525
2018-12-20 12:45:05,69766815975
2018-12-21 09:05:04,69336310525
2018-12-22 01:34:06,66595512918.75
2018-12-22 18:28:01,67612015968.75
2018-12-23 07:51:31,69230249500
2018-12-23 22:34:32,68851935600
2018-12-24 15:06:04,70713916849.0661
2018-12-25 07:19:46,65863671617.8583
2018-12-26 01:03:39,66905503125
2018-12-26 16:50:45,65296962512.5
2018-12-27 07:58:05,65406647325
2018-12-27 22:29:40,62384474818.75
2018-12-28 15:12:26,66707909300
2018-12-29 06:04:24,67856074825
2018-12-30 01:56:57,65173747100
2018-12-30 16:07:56,66400461618.75
2018-12-31 07:19:20,65812145118.75
2019-01-01 00:12:19,64481863725
2019-01-01 18:06:58,63928220625
2019-01-02 10:55:16,66438416887.5
2019-01-03 05:09:47,67150775400
2019-01-03 21:18:36,65968602500
2019-01-04 15:15:32,65598209943.75
2019-01-05 05:50:23,66860636862.5
2019-01-05 21:08:40,66979377562.5
2019-01-06 17:30:30,70801116443.75
2019-01-07 11:17:49,70107818000
2019-01-08 04:27:55,69501858706.25
2019-01-08 20:22:36,69865479262.5
2019-01-09 12:38:50,69914558131.25
2019-01-10 03:12:31,70094694531.25
2019-01-10 21:17:37,63180094206.25
2019-01-11 14:34:43,63752904000
2019-01-12 06:36:14,63233459325
2019-01-13 01:59:40,63098513125
2019-01-13 21:42:03,61381590618.75
2019-01-14 15:44:08,64008512250
2019-01-15 08:25:41,63934736737.5
2019-01-16 04:25:12,62785717312.5
2019-01-16 23:35:48,63096516962.5
2019-01-17 21:13:39,63381178437.5
2019-01-18 16:51:15,62992541425
2019-01-19 12:32:19,64921302400
2019-01-20 04:39:41,64523976212.5
2019-01-20 20:35:14,61870088250
2019-01-21 14:32:47,61787395200
2019-01-22 09:24:18,61652203800
2019-01-23 03:42:33,62592968531.25
2019-01-23 22:22:05,62055371393.75
2019-01-24 14:47:52,62156359200
2019-01-25 08:03:29,62003651475
2019-01-26 03:11:40,62489730587.5
2019-01-26 20:36:25,62188247825
2019-01-27 14:17:23,61904177981.25
2019-01-28 07:34:45,59790846431.25
2019-01-29 02:35:19,59725429006.25
2019-01-29 20:13:01,59493628150
2019-01-30 13:56:25,60040975612.5
2019-01-31 08:57:27,59765384300
2019-02-01 01:18:23,59340894468.75
2019-02-01 18:15:04,60413766862.5
2019-02-02 10:19:19,60146939250
2019-02-03 04:19:43,60204081612.5
2019-02-03 23:31:49,59954713281.25
2019-02-04 16:16:13,59749103706.25
2019-02-05 10:48:16,59920152750
2019-02-06 03:01:57,59145004675
2019-02-06 18:18:42,58939241156.25
2019-02-07 09:51:14,59110222825
2019-02-08 00:29:06,58808031618.75
2019-02-08 16:37:23,63378400400
2019-02-09 08:24:40,63427058175
2019-02-10 03:19:19,63379308256.25
2019-02-10 21:08:19,63191345568.75
2019-02-11 15:19:51,63047184650
2019-02-12 09:51:03,62517254156.25
2019-02-13 06:36:43,62925379193.75
2019-02-13 22:20:11,62693434375
2019-02-14 15:05:17,62566725812.5
2019-02-15 12:06:36,62817092487.5
2019-02-16 09:13:38,62856964068.75
2019-02-16 23:49:55,62888114812.5
2019-02-17 16:33:01,62647302850
2019-02-18 08:28:54,64897799062.5
2019-02-19 00:35:41,68087447025
2019-02-19 18:14:48,68873495937.5
2019-02-20 13:40:03,68641837837.5
2019-02-21 08:45:17,68620793250
2019-02-22 04:46:23,68740156012.5
2019-02-22 21:27:59,69149107868.75
2019-02-23 13:38:20,68978835950
2019-02-24 09:28:20,72591785750
2019-02-25 03:00:08,66250537631.25
2019-02-25 21:30:48,67063258437.5
2019-02-26 14:49:35,66884040275
2019-02-27 10:12:54,66801330750
2019-02-28 01:39:37,66823980750
2019-02-28 19:21:35,66776427000
2019-03-01 08:40:59,67009855062.5
2019-03-02 03:19:01,66909560575
2019-03-02 22:41:35,66853263956.25
2019-03-03 15:55:56,66542114062.5
2019-03-04 09:16:59,64789701603.3008
2019-03-05 05:00:34,65067449650
2019-03-05 21:46:07,67356877787.5
2019-03-06 18:41:24,67572943187.5
2019-03-07 11:41:01,67727478262.5
2019-03-08 06:55:37,67890969375
2019-03-09 02:12:18,67825822318.75
2019-03-09 20:09:07,68332099550
2019-03-10 13:10:58,68310926931.25
2019-03-11 10:22:31,68043597750
2019-03-12 05:24:03,67143215256.25
2019-03-12 21:25:39,67913318275
2019-03-13 17:01:03,67610722575
2019-03-14 12:48:31,67624658437.5
2019-03-15 03:32:36,67858458450
2019-03-15 20:24:56,68576125668.75
2019-03-16 13:07:29,69865635125
2019-03-17 04:03:08,69527931200
2019-03-17 22:27:49,69946686281.25
2019-03-18 15:15:46,69714460550
2019-03-19 06:36:52,69728657343.75
2019-03-19 20:58:50,70165169662.5
2019-03-20 15:17:01,70311450687.5
2019-03-21 08:00:16,70976839000
2019-03-22 00:30:23,69934931150
2019-03-22 16:14:54,70063472250
2019-03-23 09:08:41,70288860812.5
2019-03-24 02:17:22,69854086312.5
2019-03-24 19:56:13,69736137456.25
2019-03-25 13:53:06,69741484131.25
2019-03-26 07:25:46,68619751606.25
2019-03-27 02:20:01,69769739925
2019-03-27 19:40:38,70523653200
2019-03-28 14:34:41,70581902550
2019-03-29 06:24:48,70622493887.5
2019-03-30 00:38:44,72380831118.75
2019-03-30 18:46:26,71787291287.5
2019-03-31 14:04:39,72012991087.5
2019-04-01 07:03:15,72679258075
2019-04-02 03:57:21,73574720312.5
2019-04-02 18:44:33,83449817562.5
2019-04-03 13:43:06,88567572187.5
2019-04-04 07:36:31,88591919850
2019-04-05 02:15:14,86809578450
2019-04-05 17:30:43,88517468450
2019-04-06 11:22:23,88215645256.25
2019-04-07 06:57:24,90355824562.5
2019-04-08 00:43:27,91976140400
2019-04-08 18:00:40,91656937968.75
2019-04-09 12:40:20,91646253475
2019-04-10 06:42:55,92790821737.5
2019-04-11 00:33:45,93750354875
2019-04-11 16:41:01,88738837456.25
2019-04-12 10:03:47,88727924250
2019-04-13 02:40:05,89819685712.5
2019-04-13 22:34:53,89191304625
2019-04-14 18:21:41,90027404775
2019-04-15 15:07:36,90960688325
2019-04-16 07:58:08,89361660700
2019-04-17 01:47:40,92217482141.6553
2019-04-17 20:55:44,92420112400
2019-04-18 15:34:52,92727269250
2019-04-19 07:31:45,92451903200
2019-04-20 00:08:47,93350482031.25
2019-04-20 21:12:58,93816683631.25
2019-04-21 11:42:35,92861515612.5
2019-04-22 03:56:03,92974635000
2019-04-23 01:06:24,94897890725
2019-04-23 23:26:01,98101843218.75
2019-04-24 16:55:11,96007440331.25
2019-04-25 09:03:25,95758644637.5
2019-04-26 03:06:22,92241496193.0643
2019-04-26 18:45:18,89819345750
2019-04-27 12:29:29,91009928400
2019-04-28 07:13:09,91317203400
2019-04-28 23:17:16,90855832112.5
2019-04-29 15:24:23,90907018500
2019-04-30 07:46:33,90967048600
2019-05-01 01:24:43,93660553612.5
2019-05-01 16:33:27,93570486581.25
2019-05-02 07:34:21,94196423725
2019-05-02 21:58:02,95653243968.75
2019-05-03 13:42:24,101645410087.5
2019-05-04 07:12:26,101264241300
2019-05-05 04:06:22,101731665337.5
2019-05-06 00:05:03,101076188412.5
2019-05-06 17:43:57,100588627343.75
2019-05-07 11:45:37,103974499125
2019-05-08 05:57:07,102549658500
2019-05-08 23:54:28,104644825281.25
2019-05-09 19:05:30,106864222143.75
2019-05-10 13:44:17,111030146631.25
2019-05-11 08:59:22,118850430075
2019-05-12 03:52:54,126096885950
2019-05-12 20:13:57,124292772450
2019-05-13 12:54:54,129434688675
2019-05-14 04:07:14,141037569293.75
2019-05-14 21:11:18,136676148087.5
2019-05-15 15:22:00,141439579250
2019-05-16 07:21:58,143557073325
2019-05-17 01:20:09,138929369425
2019-05-17 17:48:02,125102537868.75
2019-05-18 11:39:24,130503906500
2019-05-19 05:03:48,141519775306.25
2019-05-19 20:17:38,141016870312.5
2019-05-20 09:41:37,139849707900
2019-05-21 03:43:57,140675057600
2019-05-21 20:20:27,142439379637.5
2019-05-22 13:10:42,137985834775
2019-05-23 03:37:12,135090790625
2019-05-23 20:14:22,137944754143.75
2019-05-24 13:11:57,142783731000
2019-05-25 04:10:17,142059093818.75
2019-05-26 00:09:19,142964785725
2019-05-26 14:35:16,141788100000
2019-05-27 07:58:49,155801541375
2019-05-27 23:16:44,156673350143.75
2019-05-28 14:56:48,154185583562.5
2019-05-29 07:00:40,150926551350
2019-05-29 22:05:10,153473368600
2019-05-30 12:50:52,154868012750
2019-05-31 06:58:03,146642733393.75
2019-06-01 03:18:36,151752405100
2019-06-01 20:04:38,151373666062.5
2019-06-02 17:10:13,154400476187.5
2019-06-03 13:37:28,151006360725
2019-06-04 09:38:49,140205521362.5
2019-06-05 01:53:34,137413012318.75
2019-06-05 16:07:28,135560425175
2019-06-06 10:11:58,137975108400
2019-06-07 02:04:37,138429135050
2019-06-07 19:21:40,142281762000
2019-06-08 15:39:53,140819522375
2019-06-09 08:55:15,140643769350
2019-06-10 01:53:04,135755346000
2019-06-10 18:23:42,140949192750
2019-06-11 14:02:34,138589770312.5
2019-06-12 08:23:32,141538575050
2019-06-13 02:20:35,144416799300
2019-06-13 19:48:26,146150120193.75
2019-06-14 12:07:05,146862588250
2019-06-15 02:36:45,154075361787.5
2019-06-15 20:02:16,157443824981.25
2019-06-16 15:43:15,163921231250
2019-06-17 11:24:23,165292507937.5
2019-06-18 05:44:54,163528550937.5
2019-06-18 21:16:30,161790859912.5
2019-06-19 13:21:37,161083441425
2019-06-20 02:07:32,164827099200
2019-06-20 21:24:15,169815256350
2019-06-21 16:03:48,174368751562.5
2019-06-22 11:27:40,194403398325
2019-06-23 03:15:41,190081037700
2019-06-23 17:07:44,189588728131.25
2019-06-24 09:16:22,192883026875
2019-06-24 22:15:26,196169072400
2019-06-25 16:44:24,202949096593.75
2019-06-26 09:26:05,223359485912.5
2019-06-27 00:39:17,236455398412.5
2019-06-27 18:10:17,203599551575
2019-06-28 11:18:52,211280471350
2019-06-29 02:25:14,207418873206.25
2019-06-29 16:21:49,208306227618.75
2019-06-30 09:59:50,209602721812.5
2019-07-01 02:13:08,193820372606.25
2019-07-01 19:42:43,179103168000
2019-07-02 14:39:49,178734075187.5
2019-07-03 05:51:15,204827069711.349
2019-07-03 19:25:30,199582280187.5
2019-07-04 10:50:19,205541739512.5
2019-07-05 01:31:30,199674715950
2019-07-05 16:34:57,200241521856.25
2019-07-06 06:29:01,204279822256.25
2019-07-06 19:41:25,204891562025
2019-07-07 13:27:50,203055332812.5
2019-07-08 03:48:04,203523028388.391
2019-07-08 19:37:19,212434676625
2019-07-09 10:55:24,219396100000
2019-07-10 05:56:00,232876531650
2019-07-11 01:24:24,211440912200
2019-07-11 20:47:29,198650002875
2019-07-12 13:23:53,208364509500
2019-07-13 07:21:49,205360539281.25
2019-07-14 00:26:39,201723641437.5
2019-07-14 17:43:08,188972537575
2019-07-15 11:35:34,183970716825
2019-07-16 05:58:01,191834318437.5
2019-07-16 20:54:55,173555042943.75
2019-07-17 15:15:47,172525551000
2019-07-18 12:30:01,169151895250
2019-07-19 09:36:39,184583699687.5
2019-07-20 03:43:27,187503334200
2019-07-20 19:06:13,195070415258.353
2019-07-21 10:04:13,190428909293.75
2019-07-22 03:43:55,189622971912.5
2019-07-22 20:10:18,180765771675
2019-07-23 17:28:59,178398667687.5
2019-07-24 10:21:51,173516350162.5
2019-07-25 03:30:44,180137838093.75
2019-07-25 20:27:23,175914904300
2019-07-26 14:29:18,174625848637.5
2019-07-27 03:48:21,181025777775
2019-07-27 21:16:45,168327164856.25
2019-07-28 12:43:34,169633401000
2019-07-29 02:24:29,172144444450
2019-07-29 18:11:43,169087889062.5
2019-07-30 13:38:43,170127004125
2019-07-31 07:10:04,174476912006.25
2019-07-31 21:10:26,178952417987.5
2019-08-01 13:30:07,179126486656.25
2019-08-02 07:28:43,188066239481.25
2019-08-02 20:36:45,186625248750
2019-08-03 14:02:10,193004568331.25
2019-08-04 03:48:14,191831842350
2019-08-04 19:55:31,195855284406.25
2019-08-05 12:32:22,210264702525
2019-08-06 05:47:31,209771572500
2019-08-06 21:51:05,202928335837.5
2019-08-07 13:15:57,214197481312.5
2019-08-08 09:54:08,212355608675
2019-08-09 02:07:26,212612994193.75
2019-08-09 20:28:08,211664080962.5
2019-08-10 14:48:34,202397207437.5
2019-08-11 05:00:47,202966324200
2019-08-11 23:00:35,205501503750
2019-08-12 17:11:44,203729767400
2019-08-13 09:34:39,201761147600
2019-08-14 04:40:14,189102930937.5
2019-08-14 21:04:50,181859160450
2019-08-15 13:30:42,177885975625
2019-08-16 04:50:20,182163630118.75
2019-08-17 00:28:39,183679619156.25
2019-08-17 21:03:06,180152712725
2019-08-18 15:52:15,186148180487.5
2019-08-19 09:05:11,191313037037.5
2019-08-20 02:06:13,194618518087.5
2019-08-20 19:37:48,192137909906.25
2019-08-21 13:42:13,178020268806.25
2019-08-22 08:30:18,178024633875
2019-08-23 02:45:08,180515910893.75
2019-08-23 19:12:06,186505731093.75
2019-08-24 11:31:10,179192143275
2019-08-25 04:15:00,180977191500
2019-08-25 21:09:35,178780458206.25
2019-08-26 16:05:29,184861429593.75
2019-08-27 10:37:57,181277566031.25
2019-08-28 04:04:45,180449770437.5
2019-08-28 22:26:44,173803630056.25
2019-08-29 13:07:25,169188665625
2019-08-30 05:27:25,169720665587.5
2019-08-30 21:02:46,172258125000
2019-08-31 14:45:12,171375612375
2019-09-01 05:01:31,172400386843.75
2019-09-01 23:08:16,175341592250
2019-09-02 17:27:53,178982037718.75
2019-09-03 09:42:12,185632289462.5
2019-09-04 01:11:01,189820320150
2019-09-04 20:39:22,191500650075
2019-09-05 10:57:42,190852017150
2019-09-06 03:30:05,191663764481.25
2019-09-06 19:46:05,186266321650
2019-09-07 14:34:40,186728250231.25
2019-09-08 06:08:43,189224567225
2019-09-08 20:12:08,185645111156.25
2019-09-09 13:24:09,185623114162.5
2019-09-10 05:08:37,184884055318.75
2019-09-10 19:01:04,182782375125
2019-09-11 10:26:26,179828998375
2019-09-11 23:47:25,181958206600
2019-09-12 16:22:17,185047081106.25
2019-09-13 08:06:28,185132615937.5
2019-09-14 00:56:24,185612719643.75
2019-09-14 18:00:42,186532450000
2019-09-15 13:36:07,185012733675
2019-09-16 03:25:51,185645665862.5
2019-09-16 19:22:20,181793469975
2019-09-17 13:22:19,183448642187.5
2019-09-18 06:17:33,183390548025
2019-09-18 20:48:21,183117116812.5
2019-09-19 14:07:15,176966713068.75
2019-09-20 07:09:31,182749845937.5
2019-09-21 00:01:50,182628856450
2019-09-21 15:49:40,180506506918.75
2019-09-22 08:15:31,180573934956.25
2019-09-22 22:32:59,179994976012.5
2019-09-23 20:17:00,175735509981.25
2019-09-24 15:15:17,169177571843.75
2019-09-25 07:48:41,150156840937.5
2019-09-25 23:21:52,150464530912.5
2019-09-26 14:25:26,148787725937.5
2019-09-27 06:14:47,143294059462.5
2019-09-28 02:48:31,146933028187.5
2019-09-28 17:46:07,145686579731.25
2019-09-29 13:53:53,143820184300
2019-09-30 08:06:20,139932597962.5
2019-10-01 03:57:01,151980738250
2019-10-01 21:10:32,150401876418.75
2019-10-02 13:57:51,147978317812.5
2019-10-03 08:10:43,148618412625
2019-10-04 01:55:59,145753933750
2019-10-04 20:47:11,146744334581.25
2019-10-05 10:54:14,145658893093.75
2019-10-06 05:22:34,145085506650
2019-10-06 22:35:57,141662798500
2019-10-07 15:01:50,146779331400
2019-10-08 06:55:59,148399477531.25
2019-10-08 23:48:01,147376681350
2019-10-09 18:46:41,155048348250
2019-10-10 12:54:00,152515220112.5
2019-10-11 02:07:18,153731595468.75
2019-10-11 18:19:39,150172836825
2019-10-12 13:58:29,149968144462.5
2019-10-13 07:39:57,150006279600
2019-10-14 03:07:47,149171961925
2019-10-14 22:42:59,149947932375
2019-10-15 14:42:23,149473250550
2019-10-16 10:54:16,146551280000
2019-10-17 02:12:49,143250846500
2019-10-17 20:25:44,144926378593.75
2019-10-18 12:00:47,142444481700
2019-10-19 05:39:26,142743172000
2019-10-19 23:40:27,142852887125
2019-10-20 18:49:02,146896192456.25
2019-10-21 11:46:32,148248641300
2019-10-22 02:46:16,147656460393.75
2019-10-22 18:56:42,147505364437.5
2019-10-23 08:47:06,143608484206.25
2019-10-24 00:24:55,134794535212.5
2019-10-24 18:53:36,134120121556.25
2019-10-25 14:53:03,138191900000
2019-10-26 08:29:46,170347399940.676
2019-10-27 06:14:42,165991822450
2019-10-28 02:46:56,175435790468.75
2019-10-28 21:38:08,170385798525
2019-10-29 16:59:55,168344259218.75
2019-10-30 12:35:58,164545527912.5
2019-10-31 06:37:58,164620817187.5
2019-11-01 03:30:08,163466930094.556
2019-11-01 22:41:26,166646092593.75
2019-11-02 15:58:33,167893232600
2019-11-03 11:22:39,164778192881.25
2019-11-04 07:32:26,165601820118.75
2019-11-05 03:22:42,169751979250
2019-11-05 19:44:22,168511514150
2019-11-06 16:07:10,168082214137.5
2019-11-07 09:58:55,165741247237.5
2019-11-08 06:30:28,165140338906.25
2019-11-09 01:58:44,158542153500
2019-11-09 20:09:53,158292359306.25
2019-11-10 12:44:27,159521861512.5
2019-11-11 03:49:15,161554244625
2019-11-11 20:44:46,157560895162.5
2019-11-12 12:43:32,156363671100
2019-11-13 11:12:40,158080484843.75
2019-11-14 03:08:13,158101225025
2019-11-14 18:58:45,155676656750
2019-11-15 09:38:26,155769521112.5
2019-11-16 03:36:11,152838904218.75
2019-11-16 20:59:08,153048794900
2019-11-17 14:47:04,153989850875
2019-11-18 05:04:07,153107583037.5
2019-11-19 02:39:19,147296157150
2019-11-19 19:52:17,145862628450
2019-11-20 12:49:48,145891490887.5
2019-11-21 09:07:15,142976764612.5
2019-11-22 04:37:28,137054380800
2019-11-22 22:51:36,131248612975
2019-11-23 13:04:22,129795279250
2019-11-24 05:55:37,130491443975
2019-11-25 01:43:41,121856434687.5
2019-11-25 23:11:19,128713137150
2019-11-26 20:14:24,128460666812.5
2019-11-27 15:00:18,132120358693.75
2019-11-28 07:31:40,135202394843.75
2019-11-29 00:06:42,135040802200
2019-11-29 20:29:21,139912962775
2019-11-30 14:47:29,136724122050
2019-12-01 10:54:23,132567496162.5
2019-12-02 04:33:00,132152464375
2019-12-02 22:41:08,132333998175
2019-12-03 15:30:34,132379949981.25
2019-12-04 07:50:16,129559948187.5
2019-12-04 22:53:11,130419779818.99
2019-12-05 16:04:11,132038676262.5
2019-12-06 10:08:26,132563902325
2019-12-07 03:47:56,137059452031.25
2019-12-07 20:14:43,135912077175
2019-12-08 13:38:18,136021623612.5
2019-12-09 06:44:40,135217552650
2019-12-10 00:32:10,132857357937.5
2019-12-10 18:19:37,130523954400
2019-12-11 14:08:35,130768847043.75
2019-12-12 06:23:06,129448377475
2019-12-13 02:31:02,130371914443.75
2019-12-13 19:20:18,131286627293.75
2019-12-14 11:27:06,129784887000
2019-12-15 07:53:04,129007109925
2019-12-16 03:41:14,127740324600
2019-12-16 19:00:29,124789660218.75
2019-12-17 12:49:08,121902446310.652
2019-12-18 08:33:31,120118174218.75
2019-12-19 02:08:00,129688767243.75
2019-12-19 19:08:18,129825208856.25
2019-12-20 12:04:41,129988837162.5
2019-12-21 03:01:24,129790134600
2019-12-21 17:52:01,129446484975
2019-12-22 08:04:48,129700607062.5
2019-12-23 00:14:19,136830247406.25
2019-12-23 17:55:41,134503148718.75
2019-12-24 15:10:12,131704493150
2019-12-25 10:01:05,130844395368.75
2019-12-26 05:36:43,130183607306.25
2019-12-26 20:14:00,131326141700
2019-12-27 14:40:29,130620064531.25
2019-12-28 08:23:32,131907632050
2019-12-29 00:48:19,132053324943.75
2019-12-29 17:18:25,134129811012.5
2019-12-30 09:51:15,132036549656.25
2019-12-31 02:10:18,130813404181.25
2019-12-31 20:24:58,129780385950
2020-01-01 12:52:39,130669580850
2020-01-02 02:12:11,129482239731.25
2020-01-02 20:28:39,125764558250
2020-01-03 11:36:24,132956945875
2020-01-04 04:52:19,133120940387.5
2020-01-04 20:03:30,133049210950
2020-01-05 11:23:25,134991224381.25
2020-01-06 03:20:07,136670527406.25
2020-01-06 22:29:59,140935807237.5
2020-01-07 14:03:30,142416086400
2020-01-08 04:12:25,151518799987.5
2020-01-08 22:50:11,146139572700
2020-01-09 16:36:50,141503734250
2020-01-10 08:28:50,140252586975
2020-01-11 01:46:16,148822495475
2020-01-11 17:15:37,148189065156.25
2020-01-12 09:23:50,147237703900
2020-01-13 03:06:13,147094312550
2020-01-13 20:48:32,147513722606.25
2020-01-14 15:11:54,157884996150
2020-01-15 07:10:45,156443699375
2020-01-16 00:50:04,156954700350
2020-01-16 17:53:43,157647417262.5
2020-01-17 07:08:22,162309412625
2020-01-18 02:10:46,161939858025
2020-01-18 21:27:58,162215220125
2020-01-19 14:13:25,156494764800
2020-01-20 09:01:55,157087970812.5
2020-01-21 10:42:04,157406955262.5
2020-01-22 11:36:32,157095504456.25
2020-01-23 02:55:16,155616606487.5
2020-01-23 19:07:32,151665327068.75
2020-01-24 11:55:08,152812989225
2020-01-25 05:31:05,151233449437.5
2020-01-25 21:02:42,152180933625
2020-01-26 14:52:46,153337766062.5
2020-01-27 07:59:23,156731343600
2020-01-28 05:23:07,164162652412.5
2020-01-28 22:13:45,166275333187.5
2020-01-29 15:19:11,169461439262.5
2020-01-30 06:27:08,169601345550
2020-01-30 23:54:18,172806473193.75
2020-01-31 18:36:02,169016956725
2020-02-01 09:14:35,170757792581.25
2020-02-02 04:17:14,169196467375
2020-02-02 21:43:07,171174122737.5
2020-02-03 15:41:24,169121254300
2020-02-04 09:34:47,166776896050
2020-02-05 04:25:46,167881296700
2020-02-05 20:23:04,176912638087.5
2020-02-06 14:11:37,178919007075
2020-02-07 08:48:34,178258708800
2020-02-08 04:03:03,177625497481.25
2020-02-08 23:28:37,180934174218.75
2020-02-09 16:40:01,183997397750
2020-02-10 10:44:11,178274921000
2020-02-11 06:33:51,177705377500
2020-02-12 00:18:28,188427559600
2020-02-12 20:27:08,190299219000
2020-02-13 15:07:52,187043551337.5
2020-02-14 06:36:25,185135559875
2020-02-15 02:03:40,186806987475
2020-02-15 19:36:00,180243534900
2020-02-16 14:39:25,180432744741.248
2020-02-17 08:14:47,178994460425
2020-02-18 00:26:15,176647922056.25
2020-02-18 18:00:43,182365335468.75
2020-02-19 12:20:00,185267671187.5
2020-02-20 08:11:14,174663820937.5
2020-02-21 02:20:38,175624530581.25
2020-02-21 18:37:11,176767679825
2020-02-22 12:31:03,176151666025
2020-02-23 07:18:11,180804817462.5
2020-02-24 00:30:15,181219230156.25
2020-02-24 19:37:20,175661608200
2020-02-25 11:54:42,175875217000
2020-02-26 08:04:20,167708448550
2020-02-27 02:04:31,158610148500
2020-02-27 18:59:30,162397619825
2020-02-28 12:26:22,157018983343.75
2020-02-29 04:43:24,159995056500
2020-02-29 23:04:03,155655404556.25
2020-03-01 13:11:27,157208613000
2020-03-02 04:49:50,157521220031.25
2020-03-02 22:35:59,162478302093.75
2020-03-03 15:21:11,159269059050
2020-03-04 07:03:42,160905224000
2020-03-04 22:59:03,159612046825
2020-03-05 13:01:15,165994454031.25
2020-03-06 05:41:04,166444863156.25
2020-03-06 23:33:15,166603112812.5
2020-03-07 15:33:47,166880176500
2020-03-08 09:11:02,159625095375
2020-03-09 02:01:19,147730782125
2020-03-09 19:17:36,142445550000
2020-03-10 13:39:22,148428175612.5
2020-03-11 08:46:03,144238112725
2020-03-12 05:51:00,139435610212.5
2020-03-12 23:28:55,100685113951.773
2020-03-13 20:33:24,97759952293.2431
2020-03-14 14:21:30,97882190864.695
2020-03-15 13:25:49,96657094625
2020-03-16 10:55:53,82429503000
2020-03-17 10:51:52,96452019300
2020-03-18 05:51:58,97683549687.5
2020-03-19 07:14:37,98522303262.5
2020-03-20 09:07:39,120883950393.75
2020-03-21 05:54:13,112045497768.75
2020-03-22 02:37:14,114786712950
2020-03-22 22:44:59,109319536056.25
2020-03-23 22:38:55,117226102837.5
2020-03-24 18:35:38,120690555031.25
2020-03-25 21:06:07,120589747231.25
2020-03-26 13:00:16,121339221250
2020-03-27 06:07:48,121796178206.25
2020-03-27 22:27:38,121796023312.5
2020-03-28 16:47:26,114113394300
2020-03-29 11:21:29,112557751950
2020-03-30 04:28:49,110023047825
2020-03-30 21:48:48,119069229100
2020-03-31 14:55:44,118254561237.5
2020-04-01 06:56:58,115683196025
2020-04-01 23:56:39,121941133768.75
2020-04-02 16:15:00,125893954800
2020-04-03 10:42:24,127394812268.75
2020-04-04 07:15:57,123276598125
2020-04-04 21:04:11,125253502062.5
2020-04-05 14:17:22,124274099531.25
2020-04-06 05:30:14,127102595750
2020-04-07 00:26:19,135268646650
2020-04-07 15:46:47,134344688775
2020-04-08 07:57:19,134208098325
2020-04-09 01:58:22,133714286143.75
2020-04-09 18:52:13,133055569000
2020-04-10 10:37:18,126865341093.75
2020-04-11 02:22:45,126627322075
2020-04-11 19:34:02,124823025575
2020-04-12 10:18:34,125390983331.25
2020-04-13 03:52:57,122477890500
2020-04-13 19:17:47,124291696275
2020-04-14 08:41:41,124346579175
2020-04-15 01:51:32,125821681450
2020-04-15 18:22:12,123961545150
2020-04-16 08:55:24,129936356000
2020-04-17 01:33:28,130578200350
2020-04-17 22:32:48,129387157718.75
2020-04-18 15:26:30,132531374737.5
2020-04-19 07:35:27,131193542050
2020-04-20 00:04:59,130643904850
2020-04-20 16:19:57,129663289181.25
2020-04-21 09:44:35,125281202200
2020-04-22 01:48:01,125620437500
2020-04-22 21:57:24,130398022125
2020-04-23 16:01:48,138276003075
2020-04-24 10:30:23,138194372675
2020-04-25 04:51:42,137947726000
2020-04-25 23:44:00,138040338525
2020-04-26 18:34:20,139564107600
2020-04-27 13:29:36,141133873650
2020-04-28 07:26:27,141437849650
2020-04-28 22:40:07,142062911737.5
2020-04-29 16:16:09,154984117875
2020-04-30 14:23:45,162465403300
2020-05-01 07:47:59,160605375000
2020-05-02 00:44:56,161590288825
2020-05-02 18:50:39,163079850643.75
2020-05-03 09:59:59,166873789643.75
2020-05-04 02:32:45,160450661700
2020-05-04 18:39:44,162243428950
2020-05-05 10:54:26,162613325112.5
2020-05-06 03:16:23,164819704687.5
2020-05-06 19:01:19,169974553500
2020-05-07 14:26:59,174982766262.5
2020-05-08 08:39:28,181516405275
2020-05-09 03:02:01,181125488500
2020-05-09 22:39:02,176894960812.5
2020-05-10 14:04:29,161217810000
2020-05-11 04:23:32,159796612462.5
2020-05-11 21:09:13,158457297571.875
2020-05-12 13:55:40,160594648637.5
2020-05-13 10:56:13,163825606000
2020-05-14 10:08:53,180361741246.875
2020-05-15 06:43:20,175443071043.75
2020-05-16 03:18:18,173161343687.5
2020-05-17 23:22:59,172873579450
2020-05-18 00:10:52,177860780268.75
2020-05-18 19:58:40,178133888887.5
2020-05-19 20:01:32,177267388675
2020-05-20 18:02:04,175068025100
2020-05-21 15:16:13,167206708350
2020-05-22 12:03:30,168444459837.5
2020-05-23 10:02:22,167945033609.375
2020-05-24 06:58:42,170607696000
2020-05-25 05:38:41,161412150065.625
2020-05-26 02:07:51,163229021425
2020-05-26 23:17:30,162600681118.75
2020-05-27 18:46:39,168499842600
2020-05-28 14:33:00,174003928831.25
2020-05-29 09:29:49,174001062968.75
2020-05-30 03:51:23,172122561000
2020-05-30 21:07:02,173590812084.375
2020-05-31 13:35:26,176493628500
2020-06-01 09:34:04,175571292471.875
2020-06-02 03:10:05,186033499531.25
2020-06-02 23:09:03,174508158600
2020-06-03 19:06:50,176574540000
2020-06-04 11:03:12,175477329000
2020-06-05 03:33:50,179981168709.375
2020-06-05 17:42:23,179205916625
2020-06-06 08:34:58,176195571025
2020-06-06 21:21:46,178612103950
2020-06-07 11:13:06,177064031859.375
2020-06-08 05:47:11,179397801012.5
2020-06-08 21:20:03,178282070625
2020-06-09 13:50:36,178481803368.75
2020-06-10 04:05:32,179491085468.75
2020-06-10 20:15:10,181954085887.5
2020-06-11 12:45:07,179678944596.875
2020-06-12 01:28:47,171211393900
2020-06-12 18:06:28,171604070156.25
2020-06-13 07:14:04,173386219875
2020-06-14 00:48:40,173834273587.5
2020-06-14 16:03:14,173205690600
2020-06-15 09:57:12,167791689537.5
2020-06-16 02:13:56,173245945546.875
2020-06-16 18:54:43,174734091125
2020-06-17 15:54:30,173056230950
2020-06-18 09:57:40,173550329375
2020-06-19 07:25:38,170933403506.25
2020-06-20 01:07:01,171096092287.5
2020-06-20 19:19:08,171129922612.5
2020-06-21 14:12:38,172065934900
2020-06-22 07:34:59,173637265018.75
2020-06-23 01:52:23,177224706000
2020-06-23 17:36:59,177663840768.75
2020-06-24 12:17:54,172054820389.735
2020-06-25 04:30:58,167558249871.875
2020-06-26 00:29:20,169847812509.375
2020-06-26 17:13:03,168316299000
2020-06-27 09:54:49,168423756637.5
2020-06-28 02:08:28,165050409387.5
2020-06-28 20:43:07,168104476218.75
2020-06-29 15:01:27,166876572140.625
2020-06-30 06:00:22,167996962700
2020-07-01 01:36:13,167625465309.375
2020-07-01 17:29:50,170744653475
2020-07-02 08:01:56,169627188609.375
2020-07-03 00:37:15,167385937518.75
2020-07-03 17:47:39,167355226781.25
2020-07-04 08:21:29,167204708825
2020-07-05 00:58:08,168279335600
2020-07-05 17:00:19,166350916743.75
2020-07-06 10:36:09,169406248943.75
2020-07-07 01:22:08,171918369646.875
2020-07-07 17:34:44,170773036875
2020-07-08 10:38:40,171166196862.5
2020-07-09 03:33:42,172913918428.125
2020-07-09 19:19:51,169842698856.25
2020-07-10 10:51:32,169028838950
2020-07-11 03:38:42,171108286553.125
2020-07-11 20:25:36,169603225312.5
2020-07-12 15:01:15,169950349168.75
2020-07-13 04:56:08,170951814687.5
2020-07-13 22:08:53,170349757012.5
2020-07-14 17:09:55,170079503268.75
2020-07-15 10:19:45,170325309000
2020-07-16 04:45:04,169603339571.875
2020-07-17 01:01:31,168033315937.5
2020-07-17 23:11:26,168730742140.625
2020-07-18 18:54:14,169437494015.625
2020-07-19 14:27:22,168365142975
2020-07-20 07:40:52,169210156250
2020-07-21 03:24:18,169160979196.875
2020-07-22 00:58:15,172827223887.5
2020-07-22 18:41:21,172612218006.25
2020-07-23 13:27:56,175246203112.5
2020-07-24 07:48:13,175326321953.125
2020-07-24 23:21:01,176291638743.75
2020-07-25 16:43:04,177275527343.75
2020-07-26 09:24:51,180408080975
2020-07-27 01:49:43,186030677953.125
2020-07-27 18:08:26,201004959712.5
2020-07-28 13:48:30,201620928625
2020-07-29 06:06:13,202568961462.5
2020-07-30 00:14:50,204909751556.25
2020-07-30 18:38:07,204529795859.375
2020-07-31 13:34:13,205902329325
2020-08-01 05:59:10,213621149015.625
2020-08-02 00:32:09,218176543575
2020-08-02 19:42:13,207400686584.375
2020-08-03 13:42:39,208007836650
2020-08-04 03:24:15,208615030184.375
2020-08-04 22:21:17,207543175000
2020-08-05 16:57:39,215217599184.375
2020-08-06 11:36:34,216295667350
2020-08-07 02:39:12,219366872812.5
2020-08-07 20:21:56,213441783212.5
2020-08-08 14:27:15,216771402225
2020-08-09 08:25:00,216041034112.5
2020-08-09 23:34:03,215762790625
2020-08-10 20:12:25,219268194750
2020-08-11 12:35:59,216009146512.5
2020-08-12 04:36:21,209187418081.25
2020-08-12 21:57:46,212785257937.5
2020-08-13 14:08:26,212543762437.5
2020-08-14 06:35:43,216501958600
2020-08-14 22:29:59,216999089843.75
2020-08-15 14:33:49,218391645068.75
2020-08-16 07:34:06,219654991171.875
2020-08-17 00:48:54,219284531381.25
2020-08-17 19:44:02,227850364312.5
2020-08-18 16:46:30,221451507090.625
2020-08-19 12:48:02,218634462484.375
2020-08-20 05:00:50,216472668412.5
2020-08-20 22:23:20,218530268162.5
2020-08-21 13:53:30,216654550700.00003
2020-08-22 09:37:11,213569066146.875
2020-08-23 03:30:33,214407946528.12503
2020-08-23 19:25:22,215699305012.5
2020-08-24 13:24:31,217932782668.75
2020-08-25 06:33:07,214708365615.625
2020-08-26 02:16:13,209655156440.625
2020-08-26 19:45:13,212128715700
2020-08-27 18:34:30,207121224375
2020-08-28 11:06:23,211543774215.625
2020-08-29 01:28:42,212512136053.125
2020-08-29 19:09:39,213074059893.75
2020-08-30 16:08:47,214596725484.375
2020-08-31 08:20:03,214835439600
2020-09-01 03:45:00,216044252875
2020-09-01 19:43:27,221724525000
2020-09-02 13:04:24,211329669343.75
2020-09-03 08:43:33,210025352324.99997
2020-09-04 04:27:52,190565267578.125
2020-09-04 22:58:00,194942684956.25
2020-09-05 17:13:30,189304041421.875
2020-09-06 10:57:19,188488483925
2020-09-07 05:18:40,187931674875
2020-09-07 18:39:25,187855367700.00003
2020-09-08 11:12:48,185561019703.125
2020-09-09 02:21:06,186445712337.5
2020-09-09 19:06:01,190925690381.25
2020-09-10 14:59:04,192651712200
2020-09-11 07:39:55,189932095237.5
2020-09-12 00:08:59,192175826003.125
2020-09-12 15:53:41,191748395674.99997
2020-09-13 05:23:57,194731865737.5
2020-09-13 21:42:10,190292435953.125
2020-09-14 13:36:13,196336018375.00003
2020-09-15 04:55:29,198145941700
2020-09-15 20:57:26,200519888359.375
2020-09-16 13:28:54,202403991075
2020-09-17 05:13:53,201579179931.25
2020-09-17 20:07:01,201845364625
2020-09-18 10:26:42,203637252403.125
2020-09-19 03:45:56,202488753062.5
2020-09-19 20:03:50,204373265053.12494
2020-09-20 15:21:47,200311722074.99997
2020-09-21 07:08:48,202418240400
2020-09-22 02:16:23,192779640968.75
2020-09-22 21:53:46,195080258390.625
2020-09-23 18:17:43,193302271250
2020-09-24 10:37:04,190922953993.75
2020-09-25 04:55:19,197673001246.875
2020-09-25 20:11:34,198170460150
2020-09-26 14:31:05,198353378787.5
2020-09-27 07:19:17,197185856212.5
2020-09-27 22:47:39,198821215912.5
2020-09-28 18:27:53,200946944274.99997
2020-09-29 13:13:20,198992933262.5
2020-09-30 06:42:23,198296977371.87497
2020-09-30 23:46:07,199506940593.75
2020-10-01 20:44:24,195517020771.875
2020-10-02 16:05:25,194561779650
2020-10-03 07:49:58,194735369671.875
2020-10-04 01:14:57,195288436050
2020-10-04 18:20:06,196766871743.75
2020-10-05 11:32:51,197403339981.24997
2020-10-06 06:12:44,199048608924.99994
2020-10-07 03:17:54,195881413593.75
2020-10-07 18:23:04,196832531559.375
2020-10-08 10:17:00,195692009734.375
2020-10-09 04:18:25,201484063800
2020-10-09 23:24:29,205082790512.5
2020-10-10 17:47:27,210135140709.375
2020-10-11 10:43:14,210374226906.25
2020-10-12 05:21:29,211029838225
2020-10-12 21:55:29,216397641796.875
2020-10-13 15:16:35,210943316390.625
2020-10-14 05:03:14,210978710100
2020-10-14 23:14:57,211116022325
2020-10-15 17:41:23,211753330000
2020-10-16 10:26:34,208825768159.37503
2020-10-17 01:52:20,209879651887.5
2020-10-17 19:13:06,210081761793.75
2020-10-18 14:12:42,211895114181.25
2020-10-19 11:28:57,212578866359.375
2020-10-20 04:16:21,217217048187.5
2020-10-21 01:34:24,222716944800
2020-10-21 20:20:41,235746914081.25
2020-10-22 15:34:13,239957623048.03314
2020-10-23 12:27:55,240182321987.50003
2020-10-24 05:57:36,240135497500
2020-10-24 23:07:51,242358031387.50003
2020-10-25 21:54:29,241514550050
2020-10-26 20:14:38,240995236796.875
2020-10-27 22:32:02,253427009850
2020-10-28 22:57:53,245950544537.49997
2020-10-29 23:48:51,249767215793.75
2020-10-30 21:56:31,251508792806.25
2020-10-31 22:07:15,256558233750
2020-11-01 17:28:48,256094941415.62497
2020-11-02 17:21:41,250563173546.875
2020-11-03 14:41:31,254871816281.25
2020-11-04 06:27:37,255752084534.375
2020-11-04 23:58:44,261886833000
2020-11-05 18:18:56,278096139200
2020-11-06 11:43:51,287271962421.875
2020-11-07 02:51:44,288542881684.375
2020-11-07 21:18:51,273214079437.5
2020-11-08 15:06:12,284772786962.5
2020-11-09 08:50:25,286164441909.37494
2020-11-09 22:29:45,283718369100
2020-11-10 15:21:28,282467917225
2020-11-11 09:28:58,287001909000
2020-11-12 02:48:07,290488669453.125
2020-11-12 19:08:43,298314495168.75
2020-11-13 12:04:48,301625764062.5
2020-11-14 06:08:23,299930902031.24994
2020-11-15 01:13:06,296548351649.99994
2020-11-15 18:45:43,295084781406.25
2020-11-16 09:36:26,303190263556.25006
2020-11-17 02:14:04,309320199790.16003
2020-11-17 18:29:20,326543273531.25
2020-11-18 10:20:36,337228781968.75
2020-11-19 03:19:32,331296673012.5
2020-11-19 21:31:09,332356593643.75
2020-11-20 12:23:09,338610283593.75
2020-11-21 03:34:01,344947896700
2020-11-21 20:05:35,346444352275
2020-11-22 09:06:59,341281252243.75
2020-11-23 00:42:54,336386660343.75
2020-11-23 18:05:57,340842051825
2020-11-24 13:59:46,359008375212.5
2020-11-25 07:39:20,356015633671.875
2020-11-26 00:04:35,350193150425
2020-11-26 16:09:19,309719016750
2020-11-27 10:05:30,313766129568.75
2020-11-28 02:10:36,315651622203.125
2020-11-28 18:59:35,330629178150
2020-11-29 11:38:20,334714716040.62494
2020-11-30 07:40:27,342382076700
2020-12-01 03:13:55,360823470437.5
2020-12-01 21:34:07,354563314800
2020-12-02 17:08:54,352246890781.25
2020-12-03 10:38:11,360890438934.375
2020-12-04 03:53:31,358861660275
2020-12-04 20:33:57,349788334524.99994
2020-12-05 15:13:59,354887314512.5
2020-12-06 09:47:08,353888380068.75
2020-12-07 03:37:17,357734663187.5
2020-12-07 20:27:59,353867465000
2020-12-08 14:45:01,349536080893.75
2020-12-09 10:15:34,340014850725
2020-12-10 05:35:01,339581603737.5
2020-12-11 00:12:43,334589841375
2020-12-11 18:10:10,334945406956.25
2020-12-12 14:05:30,341261771175
2020-12-13 08:43:30,356807740831.25
2020-12-14 00:40:20,354508697374.99994
2020-12-14 18:07:56,357195695912.5
2020-12-15 13:54:09,358629295612.5
2020-12-16 06:06:03,361075314600
2020-12-17 01:13:49,404252263912.5
2020-12-17 21:44:07,425710350000
2020-12-18 14:36:43,417515784662.5
2020-12-19 06:36:14,428443824890.625
2020-12-19 22:29:48,443078375031.25
2020-12-20 14:46:02,441766111556.25006
2020-12-21 09:37:44,423325666250
2020-12-22 03:08:22,424576612687.49994
2020-12-22 22:42:18,440355711125
2020-12-23 15:02:05,436126233537.5
2020-12-24 07:59:42,432936918431.25
2020-12-25 04:02:45,438740313431.25
2020-12-25 23:19:41,458702942312.5
2020-12-26 17:32:22,478973767700
2020-12-27 11:54:49,505182995437.5
2020-12-28 04:16:02,502989782712.5
2020-12-28 20:26:31,499895096221.875
2020-12-29 14:30:57,492637428975
2020-12-30 05:19:51,521424968400
2020-12-30 20:03:02,535476384143.74994
2020-12-31 12:52:15,530449416750
2021-01-01 04:24:03,542866144096.875
2021-01-01 21:28:46,544772524625
2021-01-02 15:37:53,602082122312.5
2021-01-03 08:01:01,639691120250
2021-01-03 23:30:40,610407224896.875
2021-01-04 14:33:25,595185353331.25
2021-01-05 05:52:51,575621121425
2021-01-05 22:54:42,633053556562.5
2021-01-06 13:23:27,636627504550
2021-01-07 04:33:57,700499751875
2021-01-07 19:49:58,725375686028.125
2021-01-08 13:37:26,767955431250
2021-01-09 05:55:06,726766720559.375
2021-01-10 00:55:53,770651805825
2021-01-10 17:11:11,717846632831.25
2021-01-11 08:36:39,661299612750
2021-01-12 01:50:40,637639012016.34
2021-01-12 20:16:20,639038381953.125
2021-01-13 13:14:16,643190396143.75
2021-01-14 04:46:55,699645713934.375
2021-01-14 23:40:49,732929234643.75
2021-01-15 17:11:18,668645566309.1265
2021-01-16 09:00:14,697136213403.125
2021-01-17 05:57:36,657119346275
2021-01-17 22:51:03,674044067250
2021-01-18 16:32:53,661659672862.5
2021-01-19 09:58:36,687422535501.5499
2021-01-20 04:51:48,657539872603.125
2021-01-20 21:33:28,650856048737.5
2021-01-21 18:07:33,589979856375
2021-01-22 11:56:03,583879251175
2021-01-23 06:55:50,610665420844.7675
2021-01-23 22:36:07,595151548406.25
2021-01-24 17:23:34,593749522275
2021-01-25 12:47:32,642808441762.5
2021-01-26 04:14:03,595681380109.375
2021-01-26 20:48:37,598429548862.5
2021-01-27 15:39:34,575669933250
2021-01-28 10:24:35,586755864121.875
2021-01-29 03:22:03,621444542456.25
2021-01-29 18:48:45,634971354218.75
2021-01-30 12:06:06,628590708003.125
2021-01-31 08:33:30,623987370000
2021-02-01 02:48:55,626746344931.25
2021-02-02 00:13:27,628919301171.875
2021-02-02 17:03:58,649746823750
2021-02-03 08:42:13,667857828968.75
2021-02-04 02:39:35,703564616475
2021-02-04 19:53:23,698590578300
2021-02-05 11:09:45,703000695656.25
2021-02-06 02:13:14,734644449750
2021-02-06 19:17:23,747007774587.5
2021-02-07 11:27:07,730544737812.5
2021-02-08 02:39:58,715300307625
2021-02-08 19:08:13,803573662646.875
2021-02-09 13:11:20,863143805868.7501
2021-02-10 06:30:31,869963824124.9999
2021-02-11 02:02:00,834122712600
2021-02-11 21:23:50,878818419525.0001
2021-02-12 15:53:50,887754479500
2021-02-13 09:55:50,876805738750
2021-02-14 01:00:25,886048846593.75
2021-02-14 18:16:40,909394645818.7501
2021-02-15 11:54:18,888180637950
2021-02-16 08:36:24,914807105009.375
2021-02-17 04:51:20,923559180775
2021-02-17 22:26:04,974530903978.125
2021-02-18 16:39:38,969163199100
2021-02-19 09:45:38,988128979115.625
2021-02-20 03:44:31,1043915988131.25
2021-02-20 20:53:29,1060854678915.6251
2021-02-21 14:40:58,1070676419659.375
2021-02-22 08:38:33,1039779830025
2021-02-23 06:03:43,923924399579.9999
2021-02-24 01:55:23,933084040934.375
2021-02-24 17:15:46,926091472403.125
2021-02-25 09:16:18,918594854306.25
2021-02-26 04:39:30,869561476443.75
2021-02-26 21:37:37,852938204206.25
2021-02-27 12:39:17,888049768134.375
2021-02-28 09:25:28,842672335087.5
2021-03-01 04:25:02,864578476531.25
2021-03-01 23:55:10,927247307561.7394
2021-03-02 18:12:08,889659620437.5
2021-03-03 10:30:29,964993383000
2021-03-04 03:58:57,920720171756.25
2021-03-05 00:28:47,867857456090.625
2021-03-05 17:10:36,896397744687.5
2021-03-06 10:10:13,895385702728.125
2021-03-07 04:45:26,920572568181.2501
2021-03-07 22:03:05,942208864168.75
2021-03-08 13:27:46,947333640000.0001
2021-03-09 06:55:01,1001822601250
2021-03-10 02:53:11,999350150256.25
2021-03-10 19:17:05,1059458621990.625
2021-03-11 14:51:19,1050115170912.5
2021-03-12 07:46:16,1056447753643.75
2021-03-13 01:28:47,1049938670625
2021-03-13 20:24:05,1146132295327.6313
2021-03-14 12:38:53,1126839016025
2021-03-15 06:54:58,1092686047940.6251
2021-03-15 23:40:20,1054258636081.25
2021-03-16 16:31:55,1036983980484.375
2021-03-17 09:36:32,1038476694534.375
2021-03-18 05:10:37,1098524159999.9999
2021-03-18 22:23:19,1082546290012.5
2021-03-19 16:24:19,1098566331300
2021-03-20 08:33:16,1097271586121.875
2021-03-21 01:30:30,1089716420156.25
2021-03-21 18:30:00,1068762574040.625
2021-03-22 11:18:53,1083683406750
2021-03-23 02:55:22,1024705302518.75
2021-03-23 20:00:07,1026981508996.875
2021-03-24 10:58:47,1055628765625
2021-03-25 06:06:28,982990400162.5001
2021-03-25 21:18:33,973871063200
2021-03-26 18:09:25,1004563332659.3751
2021-03-27 09:32:44,1025280962268.75
2021-03-28 01:58:14,1047821845442.4368
2021-03-28 18:51:07,1038645734290.6249
2021-03-29 11:09:43,1084391292806.2499
2021-03-30 05:38:04,1073210775700
2021-03-30 22:10:57,1097883098250
2021-03-31 15:32:40,1104867579740.6248
2021-04-01 07:44:46,1101173068531.2498
2021-04-02 02:00:01,1100559022353.125
2021-04-02 20:18:43,1100411723737.5
2021-04-03 14:57:23,1108825727206.25
2021-04-04 07:58:09,1071631611943.75
2021-04-05 02:05:12,1080353302025
2021-04-05 19:16:21,1103268200793.75
2021-04-06 13:41:26,1095398794437.5
2021-04-07 07:17:37,1080394668437.5
2021-04-07 22:40:04,1051895720925
2021-04-08 15:39:29,1078044015749.9999
2021-04-09 13:18:52,1094238913000
2021-04-10 04:02:12,1107007838587.5
2021-04-10 20:07:10,1110204248353.1252
2021-04-11 14:10:53,1108927069062.5
2021-04-12 08:20:01,1135857702193.7498
2021-04-13 01:39:40,1125922627765.625
2021-04-13 19:35:07,1171574609400
2021-04-14 15:43:10,1174624822499.9998
2021-04-15 08:42:08,1172452913321.875
2021-04-15 22:57:31,1185967117396.875
2021-04-16 23:18:19,1151153585250
2021-04-17 01:10:08,1111227157506.25
2021-04-18 23:37:21,1052435194687.5
2021-04-19 01:43:13,1028330189775
2021-04-20 22:09:59,1066096842637.5001
2021-04-21 22:49:58,1010622606106.2499
2021-04-22 18:21:02,997744974750
2021-04-23 13:41:38,914959349690.625
2021-04-24 07:05:24,939924415950
2021-04-25 00:06:36,936771305750
2021-04-25 19:22:44,930029249906.25
2021-04-26 14:33:25,1003073111046.875
2021-04-27 10:17:49,1019492921721.3628
2021-04-28 05:26:55,1026334197999.9999
2021-04-28 22:59:56,1018351223906.25
2021-04-29 20:41:20,992380744129.152
2021-04-30 14:00:25,1047056569246.875
2021-05-01 09:50:27,1081008815596.875
2021-05-02 03:08:34,1079794810018.75
2021-05-02 17:34:57,1060229333281.25
2021-05-03 07:50:43,1098775682775
2021-05-03 22:36:38,1068110559986.961
2021-05-04 12:19:32,1042607171971.8749
2021-05-05 03:35:31,1029806934875
2021-05-05 19:02:18,1073687392903.125
2021-05-06 10:08:02,1072024328821.8749
2021-05-07 01:42:33,1052004795725
2021-05-07 18:47:05,1085463587395.4462
2021-05-08 07:16:55,1082679736068.7499
2021-05-08 22:35:19,1105116488000
2021-05-09 12:13:03,1085263585543.75
2021-05-10 01:47:01,1099350095550
2021-05-10 16:19:50,1092131468900.0001
2021-05-11 07:43:15,1039548636425
2021-05-11 22:22:45,1059004022343.75
2021-05-12 14:11:01,1063260536431.25
2021-05-13 04:38:25,953787278806.25
2021-05-13 20:15:16,920958399074.9999
