Timestamp,utxo-count
2018-05-15 08:00:44,51523787
2018-05-16 01:56:08,51548840
2018-05-16 17:08:13,51571278
2018-05-17 07:56:35,51613765
2018-05-18 04:47:42,51481885
2018-05-18 22:00:27,51525899
2018-05-19 15:09:10,51560908
2018-05-20 08:20:56,51590203
2018-05-21 01:04:00,51631745
2018-05-21 19:31:48,51617229
2018-05-22 09:25:47,51610836
2018-05-23 04:51:42,51623842
2018-05-23 20:44:30,51641566
2018-05-24 13:39:35,51687395
2018-05-25 04:35:16,51717658
2018-05-25 21:07:07,51742746
2018-05-26 13:20:25,51789450
2018-05-27 03:18:00,51835672
2018-05-27 19:24:10,51877066
2018-05-28 12:08:53,51882202
2018-05-29 05:04:28,51851054
2018-05-29 23:54:05,51831633
2018-05-30 15:03:05,51834002
2018-05-31 06:39:21,51843470
2018-05-31 21:30:33,51839995
2018-06-01 14:00:08,51956607
2018-06-02 02:53:00,51979162
2018-06-02 20:55:59,51992688
2018-06-03 12:25:02,51996664
2018-06-04 05:02:17,51863001
2018-06-04 18:06:34,51721561
2018-06-05 06:59:41,51670918
2018-06-05 23:35:31,51569223
2018-06-06 16:37:08,51500028
2018-06-07 10:53:13,51414057
2018-06-08 05:18:43,51335830
2018-06-08 22:56:27,51344283
2018-06-09 15:35:55,51357923
2018-06-10 11:37:03,51407789
2018-06-11 06:56:37,51428017
2018-06-12 01:35:28,51457769
2018-06-12 18:34:57,51367898
2018-06-13 12:32:52,51343250
2018-06-14 07:01:53,51302098
2018-06-15 00:12:55,51322166
2018-06-15 17:04:36,51315626
2018-06-16 08:34:02,51353999
2018-06-17 00:53:18,51380443
2018-06-17 16:14:56,51413730
2018-06-18 09:22:20,51437307
2018-06-19 00:48:40,51437641
2018-06-19 18:59:03,51341344
2018-06-20 11:29:20,51030593
2018-06-21 02:57:37,50824591
2018-06-21 16:35:47,50841569
2018-06-22 09:25:13,50907551
2018-06-23 04:16:32,50915392
2018-06-23 21:07:33,50922472
2018-06-24 11:28:24,50980803
2018-06-25 02:48:24,50994060
2018-06-25 18:39:21,50914097
2018-06-26 13:08:16,50803673
2018-06-27 05:39:55,50681529
2018-06-28 02:53:35,50609208
2018-06-28 19:08:55,50633331
2018-06-29 13:27:51,50661033
2018-06-30 07:44:40,50655547
2018-07-01 00:17:45,50523302
2018-07-01 19:38:33,50515331
2018-07-02 11:52:57,50478229
2018-07-03 09:33:51,50387830
2018-07-04 05:34:32,50339934
2018-07-05 00:34:55,50325204
2018-07-05 19:13:55,50341406
2018-07-06 12:51:59,50462002
2018-07-07 04:19:57,50504933
2018-07-07 21:32:59,50540471
2018-07-08 14:18:13,50532626
2018-07-09 08:00:41,50504636
2018-07-10 01:58:10,50413994
2018-07-10 19:36:58,50320053
2018-07-11 13:24:16,50260434
2018-07-12 08:33:19,49985010
2018-07-13 02:35:21,49761012
2018-07-13 21:22:47,49610961
2018-07-14 16:58:09,49261773
2018-07-15 12:05:53,49165154
2018-07-16 07:21:39,49161839
2018-07-17 05:09:15,49160107
2018-07-17 20:27:52,49112139
2018-07-18 12:26:07,49002693
2018-07-19 03:22:13,48888886
2018-07-19 18:25:28,48890980
2018-07-20 09:06:58,48903664
2018-07-21 02:39:20,48931179
2018-07-21 20:59:48,48930676
2018-07-22 12:19:58,48973617
2018-07-23 04:00:10,49020932
2018-07-23 18:29:14,48977872
2018-07-24 10:23:47,48934401
2018-07-25 02:28:39,48932715
2018-07-25 16:46:38,48884704
2018-07-26 07:32:34,48878540
2018-07-26 23:58:10,48868996
2018-07-27 17:07:55,48869619
2018-07-28 09:35:41,48885901
2018-07-29 00:42:28,48854014
2018-07-29 15:52:21,48901529
2018-07-30 11:27:44,48903645
2018-07-31 04:30:19,48941595
2018-07-31 22:01:16,48918012
2018-08-01 15:12:06,48910439
2018-08-02 08:10:15,48859486
2018-08-03 00:54:10,48873715
2018-08-03 16:53:32,48911137
2018-08-04 08:12:39,48941963
2018-08-04 22:08:17,48978745
2018-08-05 14:18:46,49017153
2018-08-06 07:33:16,49001044
2018-08-07 02:20:12,48963369
2018-08-07 20:47:18,48898344
2018-08-08 13:47:02,48920823
2018-08-09 06:13:20,48949130
2018-08-09 22:38:12,48949981
2018-08-10 14:18:32,48986230
2018-08-11 04:17:19,48969064
2018-08-11 18:59:33,48973446
2018-08-12 12:11:12,49010982
2018-08-13 04:57:48,49026737
2018-08-13 22:31:19,48979635
2018-08-14 17:31:20,49008860
2018-08-15 09:17:49,49079566
2018-08-16 01:34:25,49093153
2018-08-16 18:55:22,49132873
2018-08-17 10:53:55,49185380
2018-08-18 03:47:21,49200095
2018-08-18 18:56:29,49233059
2018-08-19 13:09:37,49276488
2018-08-20 06:18:27,49350579
2018-08-20 23:45:59,49292433
2018-08-21 17:29:58,49322920
2018-08-22 09:54:30,49343135
2018-08-23 01:53:55,49372056
2018-08-23 18:58:05,49382181
2018-08-24 14:10:16,49458497
2018-08-25 07:04:25,49475082
2018-08-26 01:17:04,49484245
2018-08-26 16:06:29,49476120
2018-08-27 06:42:08,49468336
2018-08-27 21:16:13,49393298
2018-08-28 14:13:55,49349164
2018-08-29 07:31:57,49363379
2018-08-30 01:05:26,49388737
2018-08-30 18:22:40,49386933
2018-08-31 11:49:12,49431047
2018-09-01 03:41:15,49452086
2018-09-01 21:04:52,49428459
2018-09-02 13:55:31,49453747
2018-09-03 08:05:56,49486466
2018-09-04 01:56:26,49464744
2018-09-04 22:32:27,49491524
2018-09-05 18:29:37,49524768
2018-09-06 10:59:31,49517827
2018-09-07 03:59:18,49514626
2018-09-07 21:39:18,49531073
2018-09-08 14:44:22,49542089
2018-09-09 07:26:02,49543767
2018-09-09 23:20:21,49536629
2018-09-10 17:22:05,49564126
2018-09-11 10:38:39,49496920
2018-09-12 05:34:42,49495235
2018-09-12 21:23:30,49498219
2018-09-13 14:46:54,49506134
2018-09-14 08:27:57,49538978
2018-09-15 04:51:12,49496576
2018-09-15 22:20:09,49523737
2018-09-16 16:51:56,49574406
2018-09-17 13:04:19,49619034
2018-09-18 06:42:57,49642316
2018-09-19 00:23:06,49626052
2018-09-19 15:57:18,49636082
2018-09-20 10:05:04,49686353
2018-09-21 05:05:18,49731726
2018-09-21 21:22:34,49744922
2018-09-22 13:43:22,49783426
2018-09-23 07:13:08,49818784
2018-09-23 23:42:31,49844788
2018-09-24 16:53:14,49874473
2018-09-25 08:59:14,49912802
2018-09-26 01:24:24,49907399
2018-09-26 19:46:27,49937092
2018-09-27 14:56:35,49957052
2018-09-28 07:20:31,49970477
2018-09-29 00:02:25,50001074
2018-09-29 16:20:27,50070518
2018-09-30 09:57:36,50093874
2018-10-01 00:34:53,50116596
2018-10-01 17:41:55,50100590
2018-10-02 10:57:58,50052216
2018-10-03 04:07:07,50051805
2018-10-03 23:50:05,50160887
2018-10-04 16:49:48,50223214
2018-10-05 11:22:48,50295811
2018-10-06 08:28:33,50330386
2018-10-07 02:58:51,50373362
2018-10-07 20:47:26,50356363
2018-10-08 16:32:45,50349352
2018-10-09 14:24:54,50390096
2018-10-10 07:32:12,50396765
2018-10-11 01:33:31,50420997
2018-10-11 17:22:20,50401872
2018-10-12 11:55:31,50428975
2018-10-13 06:12:28,50348969
2018-10-14 01:54:05,50350831
2018-10-15 00:03:33,50331293
2018-10-15 15:44:56,50309284
2018-10-16 09:45:15,50314331
2018-10-17 04:30:25,50282099
2018-10-17 23:08:58,50238238
2018-10-18 18:25:06,50245498
2018-10-19 12:17:20,50216315
2018-10-20 06:56:30,50211457
2018-10-21 01:13:39,50203376
2018-10-21 18:48:46,50218739
2018-10-22 10:55:25,50213548
2018-10-23 03:14:57,50180391
2018-10-23 21:42:48,50154731
2018-10-24 19:44:28,50177694
2018-10-25 17:40:52,50199386
2018-10-26 10:38:54,50149217
2018-10-27 03:40:39,50119602
2018-10-27 22:05:05,50101264
2018-10-28 17:28:30,50107248
2018-10-29 09:54:14,50081538
2018-10-30 04:10:27,50074929
2018-10-30 22:04:11,50066182
2018-10-31 14:38:52,50079265
2018-11-01 04:39:02,50064030
2018-11-01 21:12:56,50042659
2018-11-02 16:37:00,50036142
2018-11-03 09:39:45,50037884
2018-11-04 01:06:05,50016585
2018-11-04 20:35:31,49941761
2018-11-05 16:03:15,49952860
2018-11-06 09:38:50,49967847
2018-11-07 06:11:28,49971299
2018-11-08 02:38:45,50006603
2018-11-08 23:58:36,49995557
2018-11-09 18:26:20,50021103
2018-11-10 17:58:02,50082484
2018-11-11 10:54:43,50066233
2018-11-12 04:27:59,50079141
2018-11-12 22:41:53,50074428
2018-11-13 19:15:29,50116120
2018-11-14 14:52:23,50134194
2018-11-15 10:06:07,50148014
2018-11-16 08:35:36,50195062
2018-11-17 03:03:20,50250204
2018-11-17 21:50:36,50250662
2018-11-18 16:49:02,50287479
2018-11-19 14:06:12,50286390
2018-11-20 10:26:33,50262597
2018-11-21 07:23:58,50274259
2018-11-22 06:15:47,50295398
2018-11-23 04:17:28,50264903
2018-11-23 23:51:02,50292141
2018-11-24 18:48:32,50288991
2018-11-25 13:32:20,50259100
2018-11-26 13:54:10,50274984
2018-11-27 08:48:22,50266639
2018-11-28 05:40:46,50258857
2018-11-29 05:44:37,50298708
2018-11-30 05:06:59,50319523
2018-12-01 05:25:27,50368822
2018-12-02 02:33:00,50343006
2018-12-03 00:16:58,50323712
2018-12-03 23:28:20,50333570
2018-12-04 18:07:54,50319583
2018-12-05 12:57:58,50306380
2018-12-06 09:07:52,50282479
2018-12-07 05:50:35,50292429
2018-12-08 02:34:57,50307612
2018-12-08 23:52:03,50290634
2018-12-09 20:48:36,50280053
2018-12-10 16:38:00,50273980
2018-12-11 12:26:36,50227798
2018-12-12 08:07:53,50176037
2018-12-13 06:55:36,50170754
2018-12-14 01:11:48,50142535
2018-12-14 19:17:13,50091949
2018-12-15 12:51:55,50046659
2018-12-16 09:22:31,50008893
2018-12-17 06:06:51,49980230
2018-12-17 21:09:29,49937385
2018-12-18 15:21:07,49914132
2018-12-19 09:42:05,49889222
2018-12-20 04:50:24,49877560
2018-12-20 23:12:23,49846323
2018-12-21 18:41:16,49886283
2018-12-22 09:42:41,49862790
2018-12-23 00:37:14,49801949
2018-12-23 14:53:37,49777339
2018-12-24 06:04:24,49780403
2018-12-25 00:12:21,49734352
2018-12-25 16:42:40,49747636
2018-12-26 08:35:15,49730283
2018-12-27 00:28:12,49716264
2018-12-27 15:39:29,49679862
2018-12-28 06:50:34,49677281
2018-12-28 21:48:11,49679336
2018-12-29 15:21:47,49700295
2018-12-30 09:06:29,49697631
2018-12-30 23:04:09,49685247
2018-12-31 15:33:17,49669419
2019-01-01 10:05:23,49667564
2019-01-02 02:05:27,49645458
2019-01-02 18:56:41,49616642
2019-01-03 13:42:24,49611929
2019-01-04 03:47:18,49593293
2019-01-04 22:46:05,49598318
2019-01-05 12:57:40,49594500
2019-01-06 06:42:44,49608030
2019-01-07 01:23:50,49628805
2019-01-07 20:10:02,49626652
2019-01-08 11:41:42,49632721
2019-01-09 04:46:16,49664772
2019-01-09 20:10:08,49663900
2019-01-10 12:52:37,49703498
2019-01-11 05:26:26,49746633
2019-01-11 22:43:57,49779496
2019-01-12 16:39:56,49829593
2019-01-13 12:43:19,49870358
2019-01-14 05:40:32,49898768
2019-01-14 23:34:41,49942693
2019-01-15 19:20:13,49975977
2019-01-16 15:24:28,50006709
2019-01-17 10:00:29,50025864
2019-01-18 06:59:12,50054160
2019-01-19 00:31:24,50107570
2019-01-19 21:26:06,50121122
2019-01-20 11:45:52,50156576
2019-01-21 07:40:18,50179497
2019-01-22 00:00:34,50192321
2019-01-22 19:35:26,50222007
2019-01-23 11:02:18,50281769
2019-01-24 07:34:46,50248168
2019-01-24 22:03:09,50244752
2019-01-25 17:20:21,50320310
2019-01-26 12:24:28,50370356
2019-01-27 04:08:17,50370106
2019-01-27 23:07:10,50386639
2019-01-28 18:11:03,50434395
2019-01-29 12:10:47,50440794
2019-01-30 04:00:38,50479294
2019-01-30 23:57:17,50498580
2019-01-31 16:45:18,50530391
2019-02-01 09:46:54,50556069
2019-02-02 00:52:37,50565762
2019-02-02 18:48:53,50572133
2019-02-03 14:16:09,50621262
2019-02-04 08:27:06,50628793
2019-02-05 01:23:27,50649204
2019-02-05 19:29:49,50705869
2019-02-06 11:07:37,50710785
2019-02-07 02:47:35,50681791
2019-02-07 17:38:58,50651251
2019-02-08 07:54:51,50678011
2019-02-09 00:36:55,50702222
2019-02-09 17:17:20,50716392
2019-02-10 12:09:19,50743031
2019-02-11 06:07:41,50781227
2019-02-12 00:15:15,50675318
2019-02-12 19:40:01,50601181
2019-02-13 15:20:53,50603835
2019-02-14 06:42:26,50610701
2019-02-15 01:46:48,50654160
2019-02-15 22:26:56,50691888
2019-02-16 16:36:02,50705314
2019-02-17 07:15:08,50738847
2019-02-17 23:42:54,50745144
2019-02-18 16:24:09,50768937
2019-02-19 07:43:18,50772472
2019-02-20 04:22:05,50813895
2019-02-20 22:53:18,50824082
2019-02-21 19:41:45,50865911
2019-02-22 14:12:37,50890410
2019-02-23 04:00:10,50891731
2019-02-23 23:29:25,50923582
2019-02-24 18:24:24,50961327
2019-02-25 12:03:14,51012281
2019-02-26 05:57:04,51018361
2019-02-26 21:54:44,51029414
2019-02-27 19:01:38,51089466
2019-02-28 09:56:19,51129248
2019-03-01 02:19:23,51132808
2019-03-01 18:44:51,51165502
2019-03-02 12:15:35,51219417
2019-03-03 06:59:29,51261373
2019-03-04 00:42:30,51290179
2019-03-04 19:35:45,51297416
2019-03-05 13:45:14,51329548
2019-03-06 08:59:00,51331077
2019-03-07 02:50:01,51346495
2019-03-07 22:17:48,51383531
2019-03-08 16:04:00,51450870
2019-03-09 11:01:10,51488580
2019-03-10 05:15:41,51530829
2019-03-11 00:56:12,51551844
2019-03-11 19:44:37,51579798
2019-03-12 12:06:32,51627306
2019-03-13 07:13:11,51650655
2019-03-14 03:06:45,51663062
2019-03-14 19:38:57,51646140
2019-03-15 12:00:42,51720114
2019-03-16 05:20:34,51758776
2019-03-16 20:58:51,51774128
2019-03-17 12:16:37,51827514
2019-03-18 07:53:16,51878458
2019-03-18 22:49:07,51891747
2019-03-19 13:54:32,51931785
2019-03-20 06:43:38,51936184
2019-03-20 22:08:03,51922321
2019-03-21 17:00:37,51988854
2019-03-22 08:04:43,52034504
2019-03-23 00:22:54,52040670
2019-03-23 18:41:24,52100891
2019-03-24 09:36:35,52139183
2019-03-25 04:20:38,52157431
2019-03-25 22:02:36,52165298
2019-03-26 16:56:27,52223122
2019-03-27 10:43:37,52278158
2019-03-28 04:37:39,52315457
2019-03-28 22:57:21,52352870
2019-03-29 16:21:17,52392142
2019-03-30 08:10:33,52431405
2019-03-31 04:39:10,52491600
2019-03-31 22:39:14,52506378
2019-04-01 17:16:16,52585672
2019-04-02 10:32:26,52653414
2019-04-03 03:45:15,52717909
2019-04-03 22:08:33,52758794
2019-04-04 17:15:39,52845216
2019-04-05 10:39:29,52861797
2019-04-06 01:58:16,52842766
2019-04-06 22:05:09,52849124
2019-04-07 17:33:53,52858431
2019-04-08 10:37:19,52891181
2019-04-09 03:41:33,52901973
2019-04-09 22:54:41,52935629
2019-04-10 16:38:04,53015950
2019-04-11 08:25:36,53089404
2019-04-12 01:29:41,53123562
2019-04-12 17:38:36,53165709
2019-04-13 13:54:02,53228233
2019-04-14 08:41:29,53299981
2019-04-15 06:33:03,53330985
2019-04-15 22:54:19,53343415
2019-04-16 16:49:18,53406289
2019-04-17 12:02:37,53384632
2019-04-18 06:14:55,53435927
2019-04-18 23:24:25,53457052
2019-04-19 16:28:37,53502692
2019-04-20 09:23:03,53564684
2019-04-21 03:27:37,53387990
2019-04-21 21:04:38,53385778
2019-04-22 16:02:24,53479403
2019-04-23 12:32:39,53568920
2019-04-24 07:35:46,53657271
2019-04-24 23:10:54,53657059
2019-04-25 17:15:45,53755630
2019-04-26 10:30:05,53819456
2019-04-27 03:52:15,53877690
2019-04-27 21:37:55,53893947
2019-04-28 16:17:42,53961034
2019-04-29 07:56:01,53990154
2019-04-29 22:47:33,53967481
2019-04-30 17:16:09,54043943
2019-05-01 08:30:36,54046742
2019-05-02 00:36:42,54087738
2019-05-02 14:38:27,54151790
2019-05-03 05:55:29,54183026
2019-05-03 22:53:47,54219981
2019-05-04 16:51:11,54273232
2019-05-05 14:08:14,54376464
2019-05-06 08:02:45,54407394
2019-05-07 02:57:53,54459057
2019-05-07 22:21:59,54600242
2019-05-08 14:35:33,54737481
2019-05-09 08:08:53,54827906
2019-05-10 03:16:08,54879658
2019-05-10 22:54:06,55009687
2019-05-11 18:10:56,55092409
2019-05-12 13:03:23,55073005
2019-05-13 05:28:40,54998415
2019-05-13 19:06:32,54994150
2019-05-14 11:04:09,55024365
2019-05-15 05:40:39,55141048
2019-05-15 23:16:19,55226777
2019-05-16 16:11:23,55362843
2019-05-17 09:33:54,55460978
2019-05-18 02:27:39,55479577
2019-05-18 20:25:03,55514920
2019-05-19 12:09:54,55412123
2019-05-20 02:06:30,55362358
2019-05-20 18:50:25,55397551
2019-05-21 12:35:02,55469781
2019-05-22 05:52:01,55547707
2019-05-22 19:33:57,55569158
2019-05-23 11:07:59,55571834
2019-05-24 04:58:49,55640286
2019-05-24 21:31:25,55708236
2019-05-25 13:35:20,55713204
2019-05-26 07:20:00,55752656
2019-05-26 23:34:39,55750997
2019-05-27 15:01:29,55826395
2019-05-28 06:33:11,55872186
2019-05-28 22:53:16,55882254
2019-05-29 13:54:22,55970025
2019-05-30 04:34:46,56009729
2019-05-30 21:43:12,56074426
2019-05-31 18:16:47,56213140
2019-06-01 11:20:30,56206060
2019-06-02 07:08:51,56200021
2019-06-03 01:30:10,56179398
2019-06-03 23:41:52,56269881
2019-06-04 17:39:56,56405505
2019-06-05 09:15:44,56441721
2019-06-06 01:16:24,56428987
2019-06-06 17:29:21,56475691
2019-06-07 10:21:07,56567220
2019-06-08 03:29:18,56563465
2019-06-09 00:02:28,56584139
2019-06-09 17:16:39,56646729
2019-06-10 10:37:43,56712060
2019-06-11 03:25:31,56776180
2019-06-11 21:47:07,56810143
2019-06-12 16:54:30,56891271
2019-06-13 11:00:44,56964770
2019-06-14 04:24:20,57036182
2019-06-14 20:08:32,57073655
2019-06-15 10:46:26,56964934
2019-06-16 05:23:44,57012983
2019-06-17 01:14:44,57021190
2019-06-17 21:04:19,57168284
2019-06-18 13:47:06,57249249
2019-06-19 04:45:20,57244639
2019-06-19 20:00:26,57249715
2019-06-20 11:44:31,57352646
2019-06-21 06:38:44,57421918
2019-06-22 01:43:20,57526705
2019-06-22 19:53:51,57620944
2019-06-23 10:19:19,57564111
2019-06-24 00:42:55,57501648
2019-06-24 16:17:05,57543384
2019-06-25 06:58:40,57521355
2019-06-26 00:36:44,57609110
2019-06-26 17:24:07,57710422
2019-06-27 09:17:57,57797670
2019-06-28 02:00:33,57877165
2019-06-28 19:57:49,57955078
2019-06-29 09:07:59,57880088
2019-06-30 01:16:44,57842121
2019-06-30 17:24:18,57907370
2019-07-01 11:19:45,57985153
2019-07-02 06:29:00,58056872
2019-07-02 22:38:34,58086858
2019-07-03 12:38:08,58089176
2019-07-04 03:25:31,58091086
2019-07-04 18:37:16,58084035
2019-07-05 08:23:37,58137511
2019-07-05 23:06:38,58122657
2019-07-06 12:28:08,58204498
2019-07-07 03:56:09,58249184
2019-07-07 21:04:43,58245364
2019-07-08 12:20:18,58325159
2019-07-09 02:59:26,58305556
2019-07-09 19:12:28,58358330
2019-07-10 15:32:02,58488448
2019-07-11 11:25:09,58577429
2019-07-12 05:29:32,58615205
2019-07-12 21:22:21,58603012
2019-07-13 15:21:45,58608939
2019-07-14 08:11:34,58650070
2019-07-15 02:25:17,58694751
2019-07-15 20:30:58,58785609
2019-07-16 13:40:18,58866471
2019-07-17 04:01:22,58903221
2019-07-18 01:35:45,58992348
2019-07-18 22:35:33,59170209
2019-07-19 21:30:09,59290382
2019-07-20 11:24:42,59101422
2019-07-21 02:28:00,59118066
2019-07-21 19:27:56,59136730
2019-07-22 10:16:27,59184535
2019-07-23 08:29:07,59246738
2019-07-23 23:52:12,59243417
2019-07-24 18:22:23,59309777
2019-07-25 12:54:26,59237823
2019-07-26 05:27:37,59283161
2019-07-26 19:14:04,59320091
2019-07-27 12:42:24,59387686
2019-07-28 04:50:40,59426223
2019-07-28 20:09:04,59432850
2019-07-29 10:39:46,59481920
2019-07-30 02:11:34,59486141
2019-07-30 22:07:44,59510210
2019-07-31 15:27:50,59559636
2019-08-01 04:17:13,59577495
2019-08-01 22:23:14,59579918
2019-08-02 15:03:17,59617438
2019-08-03 05:53:42,59636418
2019-08-03 20:45:42,59640757
2019-08-04 12:14:24,59677817
2019-08-05 03:05:01,59675641
2019-08-05 20:43:25,59694197
2019-08-06 13:49:34,59719099
2019-08-07 05:40:41,59761888
2019-08-07 22:13:56,59777303
2019-08-08 17:39:38,59812798
2019-08-09 11:52:33,59821793
2019-08-10 05:47:51,59856650
2019-08-10 21:32:09,59868535
2019-08-11 14:37:34,59928777
2019-08-12 07:07:40,59988705
2019-08-13 03:07:56,60020094
2019-08-13 18:56:17,60014560
2019-08-14 13:35:33,60056057
2019-08-15 05:56:32,60078059
2019-08-15 22:09:21,60112088
2019-08-16 15:55:39,60207502
2019-08-17 10:58:33,60257657
2019-08-18 05:35:17,60328981
2019-08-19 02:04:33,60372776
2019-08-19 18:05:08,60427913
2019-08-20 09:57:11,60469286
2019-08-21 03:36:36,60540600
2019-08-21 23:05:52,60675138
2019-08-22 18:24:30,60801557
2019-08-23 11:14:00,60801657
2019-08-24 03:39:19,60850339
2019-08-24 19:47:25,60792091
2019-08-25 12:57:13,60822565
2019-08-26 05:20:20,60875317
2019-08-27 00:10:08,60871489
2019-08-27 19:30:22,60918662
2019-08-28 12:43:31,60972003
2019-08-29 04:56:02,61009240
2019-08-29 21:20:45,61005467
2019-08-30 14:25:56,61092963
2019-08-31 06:08:25,61134253
2019-08-31 21:28:24,61167818
2019-09-01 13:49:52,61223069
2019-09-02 07:41:17,61269627
2019-09-03 01:50:36,61276955
2019-09-03 17:44:43,61346410
2019-09-04 11:43:10,61337278
2019-09-05 04:38:22,61347401
2019-09-05 19:28:31,61324957
2019-09-06 11:29:28,61382970
2019-09-07 05:53:15,61432682
2019-09-07 22:27:11,61458495
2019-09-08 13:07:21,61519113
2019-09-09 03:49:30,61574023
2019-09-09 22:24:22,61580509
2019-09-10 12:07:45,61559341
2019-09-11 02:39:16,61559111
2019-09-11 18:22:23,61562141
2019-09-12 08:38:42,61564918
2019-09-13 00:07:24,61609237
2019-09-13 16:52:09,61649103
2019-09-14 09:38:35,61655700
2019-09-15 03:12:26,61706023
2019-09-15 20:48:35,61689476
2019-09-16 12:00:47,61733144
2019-09-17 04:47:10,61697517
2019-09-17 22:24:29,61720697
2019-09-18 14:22:30,61754853
2019-09-19 04:59:30,61710339
2019-09-19 22:18:12,61727563
2019-09-20 15:02:17,61803815
2019-09-21 06:36:38,61847572
2019-09-21 23:30:04,61880290
2019-09-22 15:22:25,61919164
2019-09-23 10:24:48,62093492
2019-09-24 06:36:10,62118813
2019-09-24 22:19:27,62102726
2019-09-25 15:36:06,62138505
2019-09-26 06:14:31,62166537
2019-09-26 21:50:31,62162498
2019-09-27 17:04:01,62220835
2019-09-28 10:07:02,62275885
2019-09-29 03:35:53,62330091
2019-09-29 23:04:33,62375914
2019-09-30 19:03:37,62434675
2019-10-01 12:45:35,62469726
2019-10-02 06:22:24,62541043
2019-10-02 23:58:48,62565972
2019-10-03 17:37:28,62610852
2019-10-04 12:16:43,62650476
2019-10-05 04:15:16,62669947
2019-10-05 20:26:56,62730801
2019-10-06 14:24:21,62805546
2019-10-07 07:17:17,62843511
2019-10-07 23:27:22,62840072
2019-10-08 14:59:36,62883800
2019-10-09 07:21:00,62921287
2019-10-10 03:27:52,62986070
2019-10-10 19:05:40,62993367
2019-10-11 10:07:59,63050329
2019-10-12 04:18:50,63097784
2019-10-12 23:26:45,63140870
2019-10-13 15:21:46,63206036
2019-10-14 12:10:59,63270446
2019-10-15 06:11:53,63310182
2019-10-15 23:44:39,63337894
2019-10-16 18:55:55,63384245
2019-10-17 11:51:19,63381121
2019-10-18 04:27:10,63407999
2019-10-18 20:17:11,63422479
2019-10-19 14:14:02,63489589
2019-10-20 11:04:36,63578330
2019-10-21 03:02:12,63634585
2019-10-21 18:15:38,63645920
2019-10-22 10:47:18,63684814
2019-10-23 01:40:15,63691731
2019-10-23 16:35:47,63693475
2019-10-24 09:07:30,63718107
2019-10-25 06:45:22,63753156
2019-10-25 23:37:44,63727610
2019-10-26 19:29:42,63667031
2019-10-27 16:40:44,63677252
2019-10-28 12:25:09,63648214
2019-10-29 05:47:10,63629000
2019-10-30 02:43:28,63646040
2019-10-30 22:04:14,63661748
2019-10-31 15:39:34,63684382
2019-11-01 12:07:11,63655696
2019-11-02 08:51:03,63682267
2019-11-03 02:45:41,63716662
2019-11-03 21:56:40,63729467
2019-11-04 17:25:45,63758455
2019-11-05 11:11:59,63773655
2019-11-06 05:26:55,63679945
2019-11-07 00:55:57,63695753
2019-11-07 20:56:03,63696042
2019-11-08 13:49:19,63701841
2019-11-09 11:48:20,63747516
2019-11-10 04:28:45,63672010
2019-11-10 20:13:27,63681525
2019-11-11 12:51:37,63706208
2019-11-12 05:26:45,63734268
2019-11-13 01:30:38,63766486
2019-11-13 20:01:45,63752130
2019-11-14 11:25:48,63785648
2019-11-15 02:22:15,63790923
2019-11-15 18:45:15,63682352
2019-11-16 11:39:35,63538705
2019-11-17 07:14:00,63393931
2019-11-17 21:54:31,63196684
2019-11-18 14:57:07,63221973
2019-11-19 11:46:20,63193183
2019-11-20 04:24:46,63223198
2019-11-20 22:42:50,63251804
2019-11-21 17:15:25,63344055
2019-11-22 14:09:03,63457751
2019-11-23 04:43:56,63478160
2019-11-23 20:46:59,63491285
2019-11-24 16:20:51,63570034
2019-11-25 11:03:20,63633465
2019-11-26 10:22:05,63688017
2019-11-27 05:33:38,63654786
2019-11-27 23:45:35,63685676
2019-11-28 16:45:12,63724385
2019-11-29 09:41:02,63787748
2019-11-30 05:43:58,63818037
2019-12-01 02:02:31,63866378
2019-12-01 19:23:29,63902030
2019-12-02 12:18:40,63960663
2019-12-03 07:47:29,63993758
2019-12-03 23:10:00,64015448
2019-12-04 15:15:41,64062488
2019-12-05 08:04:18,64110306
2019-12-06 01:37:40,64121049
2019-12-06 19:15:20,64143023
2019-12-07 14:42:24,64123779
2019-12-08 03:55:58,64156434
2019-12-08 22:01:56,64175198
2019-12-09 14:52:14,64171774
2019-12-10 08:57:46,64148803
2019-12-11 05:18:57,64161720
2019-12-11 21:44:26,64063050
2019-12-12 17:01:47,64097561
2019-12-13 09:59:32,64147985
2019-12-14 04:10:06,64191882
2019-12-14 19:33:10,64182598
2019-12-15 17:09:13,64204921
2019-12-16 11:25:28,64143790
2019-12-17 04:12:15,64094382
2019-12-17 22:25:41,63986930
2019-12-18 18:36:27,63994141
2019-12-19 09:51:49,64004926
2019-12-20 03:27:17,64027222
2019-12-20 19:20:51,64054029
2019-12-21 10:22:42,64104885
2019-12-22 01:01:47,64166868
2019-12-22 16:02:14,64185099
2019-12-23 09:26:00,64209158
2019-12-24 04:19:16,64232180
2019-12-25 00:00:36,64249879
2019-12-25 19:47:42,64279822
2019-12-26 12:46:09,64292193
2019-12-27 05:45:03,64354094
2019-12-28 00:07:19,64378846
2019-12-28 16:34:08,64448039
2019-12-29 09:14:17,64501580
2019-12-30 02:38:23,64548388
2019-12-30 16:30:45,64545194
2019-12-31 09:43:21,64583197
2020-01-01 04:17:19,64608639
2020-01-01 18:22:16,64623694
2020-01-02 10:49:00,64674579
2020-01-03 04:04:10,64707375
2020-01-03 19:05:20,64688297
2020-01-04 11:16:02,64756655
2020-01-05 03:03:19,64812506
2020-01-05 17:51:07,64842039
2020-01-06 13:25:08,64883010
2020-01-07 05:27:48,64906434
2020-01-07 20:53:11,64934829
2020-01-08 13:12:36,64963800
2020-01-09 06:55:53,64997067
2020-01-09 23:04:48,64956819
2020-01-10 16:57:25,64973361
2020-01-11 08:58:07,65038046
2020-01-12 01:43:43,65096055
2020-01-12 17:29:22,65126785
2020-01-13 10:25:00,65133872
2020-01-14 06:02:08,65126914
2020-01-14 23:41:42,65114672
2020-01-15 15:04:20,65106991
2020-01-16 10:28:06,65154204
2020-01-17 01:15:25,65200478
2020-01-17 16:56:09,65211937
2020-01-18 11:50:43,65257776
2020-01-19 07:09:10,65322636
2020-01-19 23:37:10,65341042
2020-01-20 16:03:18,65348275
2020-01-21 08:08:43,65390444
2020-01-22 03:19:08,65376741
2020-01-22 19:55:23,65342673
2020-01-23 11:09:13,65334987
2020-01-24 04:56:02,65329792
2020-01-24 20:07:20,65295582
2020-01-25 13:16:49,65275733
2020-01-26 05:31:41,65272583
2020-01-26 23:10:02,65294341
2020-01-27 18:37:52,65316714
2020-01-28 13:09:56,65289653
2020-01-29 07:15:02,65303354
2020-01-29 22:15:22,65320041
2020-01-30 15:01:14,65351238
2020-01-31 08:42:09,65376404
2020-02-01 01:21:46,65414527
2020-02-01 18:05:07,65433955
2020-02-02 13:54:00,65376126
2020-02-03 07:35:56,65408684
2020-02-04 00:36:16,65324313
2020-02-04 19:25:13,65320548
2020-02-05 12:00:20,65341273
2020-02-06 05:15:41,65372602
2020-02-07 00:57:33,65364086
2020-02-07 19:31:22,65278294
2020-02-08 12:41:01,65247769
2020-02-09 08:12:56,65284377
2020-02-10 01:25:43,65308038
2020-02-10 21:49:32,65306927
2020-02-11 16:30:57,65303443
2020-02-12 10:37:49,65314699
2020-02-13 04:46:59,65342779
2020-02-13 22:02:33,65309268
2020-02-14 15:09:56,65360098
2020-02-15 11:06:23,65385971
2020-02-16 05:30:15,65450081
2020-02-16 23:46:02,65473973
2020-02-17 16:22:09,65509230
2020-02-18 09:34:43,65539946
2020-02-19 02:19:54,65523889
2020-02-19 21:51:17,65541563
2020-02-20 18:11:04,65577441
2020-02-21 10:42:46,65580115
2020-02-22 03:50:28,65623817
2020-02-22 20:57:44,65672411
2020-02-23 16:03:44,65698671
2020-02-24 11:00:45,65741710
2020-02-25 04:22:35,65763548
2020-02-25 21:19:02,65798456
2020-02-26 17:05:57,65858067
2020-02-27 09:59:02,65874475
2020-02-28 03:41:07,65929869
2020-02-28 18:54:43,65947729
2020-02-29 12:47:44,65998030
2020-03-01 05:54:24,66030141
2020-03-01 20:40:58,66053090
2020-03-02 13:51:26,66080513
2020-03-03 06:27:50,66107888
2020-03-03 23:34:52,66072485
2020-03-04 14:27:55,65916582
2020-03-05 05:00:40,65915906
2020-03-05 22:27:28,65937256
2020-03-06 16:19:47,65973192
2020-03-07 07:41:49,65993014
2020-03-07 23:46:14,66026174
2020-03-08 15:26:26,66062578
2020-03-09 10:42:25,66102282
2020-03-10 03:23:56,66092462
2020-03-10 23:10:52,66100822
2020-03-11 19:24:15,66150510
2020-03-12 14:11:54,66120938
2020-03-13 10:02:49,66169301
2020-03-14 05:36:19,66212323
2020-03-15 03:24:51,66171284
2020-03-16 00:02:56,66126936
2020-03-16 22:36:30,66180020
2020-03-17 20:16:25,66233688
2020-03-18 20:04:54,66317272
2020-03-19 17:09:10,66369948
2020-03-20 18:25:22,66514683
2020-03-21 16:36:05,66553878
2020-03-22 12:01:09,66587967
2020-03-23 12:37:50,66650272
2020-03-24 09:03:27,66691115
2020-03-25 04:34:43,66712268
2020-03-26 05:47:51,66816711
2020-03-26 20:52:10,66756445
2020-03-27 12:09:27,66545706
2020-03-28 05:47:19,66613828
2020-03-29 02:42:59,66683389
2020-03-29 19:19:09,66712874
2020-03-30 13:07:35,66716906
2020-03-31 05:59:57,66724470
2020-03-31 22:30:58,66685002
2020-04-01 15:06:10,66668477
2020-04-02 08:37:18,66611039
2020-04-03 01:47:40,66605032
2020-04-03 20:05:32,66634632
2020-04-04 14:15:20,66558732
2020-04-05 05:20:22,66572974
2020-04-05 21:05:26,66558549
2020-04-06 14:35:42,66631157
2020-04-07 06:54:43,66461138
2020-04-07 23:21:47,66486536
2020-04-08 17:17:49,66481657
2020-04-09 10:48:38,66518251
2020-04-10 02:32:29,66532615
2020-04-10 18:40:55,66559544
2020-04-11 10:14:10,66599414
2020-04-12 02:41:51,66666995
2020-04-12 19:31:21,66679948
2020-04-13 12:23:35,66710320
2020-04-14 01:41:45,66687280
2020-04-14 18:07:30,66734436
2020-04-15 08:46:11,66668352
2020-04-16 00:09:43,66664106
2020-04-16 16:26:45,66715151
2020-04-17 11:22:14,66664402
2020-04-18 06:39:47,66621302
2020-04-18 22:07:41,66607813
2020-04-19 16:44:46,66656914
2020-04-20 07:40:30,66659533
2020-04-21 00:08:24,66674117
2020-04-21 18:13:33,66739511
2020-04-22 10:07:35,66805621
2020-04-23 07:24:07,66900344
2020-04-24 00:47:59,66910437
2020-04-24 18:28:06,66900385
2020-04-25 15:56:02,66932734
2020-04-26 09:26:49,66771930
2020-04-27 04:31:12,66805404
2020-04-27 21:44:55,66838873
2020-04-28 15:01:51,66773707
2020-04-29 07:56:56,66799546
2020-04-30 02:12:24,66890029
2020-04-30 22:30:32,66981292
2020-05-01 17:59:55,67067424
2020-05-02 10:19:42,66900842
2020-05-03 03:04:11,66828303
2020-05-03 18:18:57,66643483
2020-05-04 10:13:13,66608964
2020-05-05 02:46:45,66628340
2020-05-05 20:04:08,66620451
2020-05-06 11:41:11,66528826
2020-05-07 05:53:23,66580827
2020-05-07 22:12:07,66581726
2020-05-08 17:14:13,66633192
2020-05-09 11:54:54,66642407
2020-05-10 05:26:37,66586380
2020-05-10 21:05:52,66424986
2020-05-11 11:52:30,66175670
2020-05-12 05:33:11,66209577
2020-05-12 23:53:52,66237647
2020-05-13 20:24:50,66300373
2020-05-14 21:16:08,66422491
2020-05-15 16:31:37,66437045
2020-05-16 13:08:19,66486472
2020-05-17 13:00:53,66518566
2020-05-18 09:43:32,66454092
2020-05-19 08:43:11,66476040
2020-05-20 07:45:51,66516045
2020-05-21 04:27:01,66577927
2020-05-21 23:46:58,66591326
2020-05-22 21:49:24,66676018
2020-05-23 21:05:24,66712832
2020-05-24 18:17:16,66501437
2020-05-25 15:17:38,66405954
2020-05-26 13:51:17,66400508
2020-05-27 10:34:37,66412245
2020-05-28 03:37:11,66351947
2020-05-28 23:21:20,66366852
2020-05-29 18:33:20,66345618
2020-05-30 12:38:33,66191766
2020-05-31 05:17:15,66140962
2020-05-31 21:52:23,66044556
2020-06-01 19:30:45,66091005
2020-06-02 14:26:13,66052457
2020-06-03 08:36:05,66083540
2020-06-04 03:24:09,66097467
2020-06-04 18:47:57,66034364
2020-06-05 10:22:29,66061264
2020-06-06 01:25:09,66042892
2020-06-06 14:09:32,66043036
2020-06-07 04:14:27,66067202
2020-06-07 20:11:53,66076810
2020-06-08 13:16:58,66069128
2020-06-09 05:33:07,65969028
2020-06-09 21:20:31,65996384
2020-06-10 12:07:16,66033946
2020-06-11 04:32:37,66022185
2020-06-11 18:43:32,65930667
2020-06-12 10:43:08,65857088
2020-06-13 00:19:38,65765560
2020-06-13 16:36:59,65746035
2020-06-14 08:40:34,65830322
2020-06-14 23:52:31,65865893
2020-06-15 17:49:06,65955069
2020-06-16 11:44:11,65939548
2020-06-17 08:20:15,66058219
2020-06-18 00:31:23,66085848
2020-06-18 20:08:06,66121597
2020-06-19 16:17:12,66182891
2020-06-20 10:11:13,66219178
2020-06-21 05:26:55,66306987
2020-06-21 22:31:56,66288066
2020-06-22 15:09:53,66312046
2020-06-23 10:37:37,66354876
2020-06-24 03:09:17,66331558
2020-06-24 20:16:29,66292220
2020-06-25 14:45:02,66270909
2020-06-26 09:38:57,66263509
2020-06-26 23:49:58,66283508
2020-06-27 19:28:38,66353830
2020-06-28 13:24:45,66401532
2020-06-29 06:01:31,66448427
2020-06-29 23:16:44,66427817
2020-06-30 15:19:03,66401712
2020-07-01 08:37:20,66416356
2020-07-02 00:57:13,66423620
2020-07-02 17:33:11,66470213
2020-07-03 08:57:18,66509047
2020-07-04 00:05:25,66477538
2020-07-04 16:45:31,66518630
2020-07-05 09:30:46,66547357
2020-07-06 00:55:55,66531891
2020-07-06 18:01:43,66536436
2020-07-07 08:58:12,66561078
2020-07-08 02:09:05,66650993
2020-07-08 19:29:57,66692358
2020-07-09 11:14:32,66634931
2020-07-10 02:50:54,66652708
2020-07-10 19:29:01,66693900
2020-07-11 11:30:12,66697287
2020-07-12 06:11:28,66751666
2020-07-12 21:12:46,66774508
2020-07-13 13:31:17,66786162
2020-07-14 10:40:38,66910315
2020-07-15 00:59:57,66954728
2020-07-15 20:00:23,66993154
2020-07-16 14:12:51,67082534
2020-07-17 11:47:02,67190857
2020-07-18 08:20:54,67286540
2020-07-19 05:52:33,67353647
2020-07-20 00:44:52,67255697
2020-07-20 18:23:34,67200911
2020-07-21 13:44:23,67285874
2020-07-22 09:26:52,67414432
2020-07-23 05:07:14,67557864
2020-07-23 22:23:37,67608044
2020-07-24 16:07:53,67646062
2020-07-25 08:00:56,67588897
2020-07-26 01:52:08,67559770
2020-07-26 18:59:19,67383245
2020-07-27 10:54:56,67267699
2020-07-28 03:26:16,67327122
2020-07-28 22:13:14,67417762
2020-07-29 12:34:58,67378429
2020-07-30 08:03:44,67473548
2020-07-31 04:20:33,67614439
2020-07-31 21:44:32,67616693
2020-08-01 14:53:56,67537752
2020-08-02 11:05:42,67564273
2020-08-03 04:55:14,67501597
2020-08-03 19:51:09,67425184
2020-08-04 12:16:32,67371241
2020-08-05 07:29:25,67461215
2020-08-06 03:19:57,67552227
2020-08-06 18:54:38,67557724
2020-08-07 12:21:28,67467676
2020-08-08 05:08:41,67486553
2020-08-08 22:59:26,67448835
2020-08-09 16:19:49,67202544
2020-08-10 10:11:32,67184775
2020-08-11 04:18:07,67306820
2020-08-11 20:33:34,67307452
2020-08-12 12:39:56,67264390
2020-08-13 04:31:24,67307543
2020-08-13 22:11:19,67395516
2020-08-14 14:06:35,67373584
2020-08-15 06:02:23,67388184
2020-08-15 22:42:08,67388971
2020-08-16 15:16:09,67284906
2020-08-17 10:51:02,67341729
2020-08-18 05:19:00,67456283
2020-08-19 00:45:03,67568975
2020-08-19 20:11:22,67688165
2020-08-20 13:09:02,67696412
2020-08-21 06:02:50,67728578
2020-08-21 23:08:23,67696896
2020-08-22 18:48:27,67728917
2020-08-23 11:19:00,67574756
2020-08-24 03:38:11,67571558
2020-08-24 21:35:06,67662302
2020-08-25 16:14:02,67701371
2020-08-26 10:40:17,67772105
2020-08-27 05:44:44,67852479
2020-08-28 02:10:42,68004685
2020-08-28 17:55:15,67960487
2020-08-29 10:39:45,67824803
2020-08-30 04:53:02,67800830
2020-08-31 01:02:17,67753693
2020-08-31 16:36:43,67720983
2020-09-01 11:29:42,67822168
2020-09-02 03:28:54,67923623
2020-09-02 21:29:38,67976649
2020-09-03 18:43:56,68103780
2020-09-04 11:57:06,68131841
2020-09-05 09:07:16,68250799
2020-09-06 03:10:35,68273380
2020-09-06 18:16:42,68017161
2020-09-07 12:11:33,67871152
2020-09-08 01:45:42,67824231
2020-09-08 18:14:16,67853342
2020-09-09 10:21:25,67831946
2020-09-10 05:47:49,67978047
2020-09-10 20:42:04,67964494
2020-09-11 14:49:05,67915630
2020-09-12 08:21:35,67919817
2020-09-12 22:46:18,67944428
2020-09-13 13:56:13,67960343
2020-09-14 05:26:20,67949634
2020-09-14 20:22:38,67967702
2020-09-15 14:02:53,68014063
2020-09-16 05:22:40,68027642
2020-09-16 21:45:58,68084312
2020-09-17 12:43:19,68030258
2020-09-18 03:27:46,68030819
2020-09-18 18:47:09,68010899
2020-09-19 11:37:27,67994479
2020-09-20 04:50:00,68031582
2020-09-20 23:13:48,68005753
2020-09-21 16:50:34,67968748
2020-09-22 11:55:30,68080365
2020-09-23 08:50:30,68183651
2020-09-24 01:54:24,68293640
2020-09-24 18:43:45,68353674
2020-09-25 12:08:12,68315208
2020-09-26 04:48:39,68290275
2020-09-26 22:08:01,68180508
2020-09-27 15:20:56,68128674
2020-09-28 08:00:58,68124785
2020-09-29 03:21:33,68244833
2020-09-29 22:59:54,68370135
2020-09-30 14:41:25,68333157
2020-10-01 10:56:29,68406297
2020-10-02 05:16:32,68502644
2020-10-03 00:59:11,68624892
2020-10-03 16:55:47,68516231
2020-10-04 10:34:16,68329696
2020-10-05 02:58:46,68335206
2020-10-05 21:36:49,68349241
2020-10-06 15:36:07,68392255
2020-10-07 11:12:02,68506660
2020-10-08 02:51:15,68527869
2020-10-08 19:37:59,68556310
2020-10-09 14:41:15,68573212
2020-10-10 08:23:11,68607679
2020-10-11 01:39:53,68530012
2020-10-11 21:06:28,68544053
2020-10-12 13:56:37,68524685
2020-10-13 06:58:43,68540271
2020-10-13 21:45:43,68553801
2020-10-14 15:08:21,68585504
2020-10-15 08:22:16,68625219
2020-10-16 01:08:41,68696621
2020-10-16 17:53:57,68752773
2020-10-17 08:17:13,68703940
2020-10-18 02:14:45,68758205
2020-10-19 00:47:50,68795522
2020-10-19 22:01:40,68893927
2020-10-20 15:12:59,68918973
2020-10-21 10:06:40,69014419
2020-10-22 06:40:42,69093365
2020-10-23 02:43:57,69251281
2020-10-23 21:50:12,69357157
2020-10-24 13:42:50,69219914
2020-10-25 09:54:52,69133751
2020-10-26 06:35:57,69060288
2020-10-27 09:36:22,69221903
2020-10-28 11:17:57,69434267
2020-10-29 10:24:55,69595595
2020-10-30 10:03:22,69783046
2020-10-31 11:00:04,69935314
2020-11-01 06:59:35,69991462
2020-11-02 04:15:21,70015148
2020-11-03 05:49:19,70144306
2020-11-03 23:16:36,70200168
2020-11-04 15:09:05,70066611
2020-11-05 08:23:15,69981258
2020-11-06 02:14:55,70063753
2020-11-06 20:04:38,70107370
2020-11-07 12:50:42,69935505
2020-11-08 07:04:02,69793224
2020-11-09 00:45:31,69642390
2020-11-09 15:19:56,69405653
2020-11-10 06:19:52,69315661
2020-11-10 23:59:42,69343901
2020-11-11 18:06:05,69380973
2020-11-12 12:14:42,69379748
2020-11-13 03:05:12,69330185
2020-11-13 21:14:10,69351271
2020-11-14 15:20:23,69298356
2020-11-15 09:00:24,69253641
2020-11-16 01:34:40,69092812
2020-11-16 17:37:14,69075612
2020-11-17 10:50:12,69024159
2020-11-18 02:58:50,69092825
2020-11-18 16:49:11,69061860
2020-11-19 12:54:33,69104241
2020-11-20 04:34:45,69066218
2020-11-20 20:21:05,69087764
2020-11-21 11:55:43,69006121
2020-11-22 02:48:16,69034137
2020-11-22 16:48:12,69014417
2020-11-23 09:19:27,68968128
2020-11-24 04:03:04,69039513
2020-11-24 22:31:55,69154880
2020-11-25 16:02:17,69249943
2020-11-26 09:11:28,69256033
2020-11-27 01:09:03,69265287
2020-11-27 18:48:50,69280145
2020-11-28 10:33:09,69139322
2020-11-29 03:37:18,69064332
2020-11-29 21:20:20,69092355
2020-11-30 19:33:06,69121197
2020-12-01 11:45:07,69176633
2020-12-02 08:39:51,69359652
2020-12-03 01:14:43,69459476
2020-12-03 19:14:21,69458966
2020-12-04 12:06:46,69435304
2020-12-05 04:20:11,69369352
2020-12-06 00:27:21,69358662
2020-12-06 20:27:32,69304289
2020-12-07 10:27:12,69108898
2020-12-08 05:07:37,69174648
2020-12-09 00:00:25,69279283
2020-12-09 18:50:21,69353273
2020-12-10 15:21:49,69455508
2020-12-11 08:37:35,69448628
2020-12-12 04:59:15,69563255
2020-12-12 23:40:19,69566920
2020-12-13 16:01:16,69475772
2020-12-14 09:07:51,69434911
2020-12-15 02:36:04,69505379
2020-12-15 21:25:14,69575478
2020-12-16 15:24:33,69571494
2020-12-17 11:53:11,69717767
2020-12-18 05:48:32,69818256
2020-12-18 21:58:21,69950616
2020-12-19 14:47:05,69950338
2020-12-20 05:33:22,69818582
2020-12-20 23:40:37,69745384
2020-12-21 16:53:44,69624607
2020-12-22 13:01:53,69655768
2020-12-23 06:24:48,69715606
2020-12-23 23:39:35,69824003
2020-12-24 20:17:46,69831805
2020-12-25 13:19:50,69775935
2020-12-26 10:01:56,69737741
2020-12-27 02:35:09,69696970
2020-12-27 19:38:01,69651545
2020-12-28 11:51:36,69512450
2020-12-29 06:53:38,69581599
2020-12-29 22:30:28,69614780
2020-12-30 12:32:41,69498541
2020-12-31 04:29:48,69606019
2020-12-31 20:45:01,69632739
2021-01-01 12:36:58,69401543
2021-01-02 06:33:05,69315829
2021-01-02 23:46:39,69294258
2021-01-03 15:59:13,69301486
2021-01-04 07:26:33,69274418
2021-01-04 22:12:56,69313227
2021-01-05 15:42:03,69359144
2021-01-06 05:52:29,69394280
2021-01-06 20:46:28,69465913
2021-01-07 12:27:42,69533735
2021-01-08 03:38:48,69690031
2021-01-08 21:40:10,69869081
2021-01-09 15:23:56,69902017
2021-01-10 09:02:18,69942040
2021-01-11 01:30:51,69953748
2021-01-11 18:53:47,69992828
2021-01-12 10:07:23,69969386
2021-01-13 04:56:55,70062352
2021-01-13 20:43:18,70059442
2021-01-14 13:59:40,70103260
2021-01-15 07:56:32,70168205
2021-01-16 00:01:04,70254225
2021-01-16 18:09:23,70261984
2021-01-17 14:19:53,70224814
2021-01-18 07:01:18,70120270
2021-01-19 01:38:05,70209771
2021-01-19 18:10:16,70217894
2021-01-20 12:22:20,70262191
2021-01-21 10:01:07,70417270
2021-01-22 03:12:38,70504344
2021-01-22 20:29:16,70605396
2021-01-23 15:57:16,70624963
2021-01-24 07:16:08,70433247
2021-01-25 02:37:17,70391346
2021-01-25 20:49:41,70427703
2021-01-26 12:41:21,70298817
2021-01-27 07:45:34,70397573
2021-01-28 01:32:45,70510326
2021-01-28 16:45:42,70494708
2021-01-29 11:32:17,70640229
2021-01-30 03:31:15,70775944
2021-01-30 23:47:19,70872580
2021-01-31 17:05:02,70805812
2021-02-01 13:56:00,70901469
2021-02-02 09:04:03,71061409
2021-02-03 01:07:10,71196783
2021-02-03 18:07:20,71254653
2021-02-04 10:35:30,71373231
2021-02-05 02:25:18,71473987
2021-02-05 18:25:21,71489216
2021-02-06 10:47:51,71494307
2021-02-07 02:52:23,71472529
2021-02-07 18:42:14,71383801
2021-02-08 11:52:58,71308575
2021-02-09 04:00:07,71489389
2021-02-09 22:21:15,71707443
2021-02-10 15:02:55,71820619
2021-02-11 12:24:13,72059865
2021-02-12 06:32:28,72254588
2021-02-13 01:01:54,72440884
2021-02-13 17:27:54,72419738
2021-02-14 09:04:31,72318615
2021-02-15 03:22:44,72312727
2021-02-15 19:44:29,72319400
2021-02-16 18:19:18,72517116
2021-02-17 13:56:59,72639865
2021-02-18 05:58:18,72762157
2021-02-19 03:03:16,72992556
2021-02-19 18:34:43,73074369
2021-02-20 11:50:28,73145283
2021-02-21 05:54:52,73210571
2021-02-22 00:40:35,73234373
2021-02-22 19:21:23,73283622
2021-02-23 16:50:24,73486968
2021-02-24 08:57:04,73613120
2021-02-25 01:30:30,73699741
2021-02-25 19:02:58,73740379
2021-02-26 12:55:16,73853185
2021-02-27 05:41:04,73978185
2021-02-27 22:10:55,73975763
2021-02-28 18:07:21,73907240
2021-03-01 14:34:42,73945358
2021-03-02 08:31:51,74072630
2021-03-03 01:36:42,74169058
2021-03-03 18:42:01,74258841
2021-03-04 14:26:04,74356776
2021-03-05 09:22:41,74486678
2021-03-06 02:53:25,74613863
2021-03-06 18:23:46,74457923
2021-03-07 13:26:27,74343615
2021-03-08 05:49:06,74212814
2021-03-08 22:42:14,74224771
2021-03-09 16:18:40,74276451
2021-03-10 10:35:54,74359379
2021-03-11 05:39:56,74541392
2021-03-11 23:40:34,74683647
2021-03-12 16:26:43,74776506
2021-03-13 09:29:43,74733465
2021-03-14 05:13:56,74827146
2021-03-14 20:29:39,74728287
2021-03-15 13:38:08,74676666
2021-03-16 07:37:48,74780796
2021-03-17 01:07:33,74940711
2021-03-17 20:08:29,75064823
2021-03-18 14:29:27,75236835
2021-03-19 07:21:07,75359758
2021-03-20 00:30:19,75511436
2021-03-20 17:31:27,75502218
2021-03-21 11:05:10,75321870
2021-03-22 01:52:55,75070354
2021-03-22 18:46:36,75065479
2021-03-23 11:52:35,75046008
2021-03-24 04:01:57,75094226
2021-03-24 20:35:47,75072510
2021-03-25 13:35:57,75154861
2021-03-26 07:46:14,75277902
2021-03-27 01:33:44,75417552
2021-03-27 18:02:51,75290674
2021-03-28 09:33:35,75129082
2021-03-29 02:04:57,74991057
2021-03-29 21:16:19,75072427
2021-03-30 13:33:26,75137874
2021-03-31 06:07:49,75243629
2021-03-31 23:04:20,75421213
2021-04-01 15:31:34,75450657
2021-04-02 09:26:58,75588619
2021-04-03 05:12:53,75730055
2021-04-04 00:36:06,75785639
2021-04-04 17:11:07,75601605
2021-04-05 10:44:42,75442327
2021-04-06 02:53:57,75534035
2021-04-06 21:50:15,75712699
2021-04-07 15:10:25,75778795
2021-04-08 06:58:01,75817841
2021-04-09 02:48:59,76004159
2021-04-09 20:31:06,76120449
2021-04-10 12:24:29,76110706
2021-04-11 04:59:32,76032389
2021-04-11 22:53:33,75939262
2021-04-12 17:06:11,75938102
2021-04-13 09:53:05,75998490
2021-04-14 06:23:41,76225702
2021-04-15 00:09:40,76425586
2021-04-15 16:41:33,76497375
2021-04-16 10:47:32,76650387
2021-04-17 10:45:28,76919520
2021-04-18 11:05:20,77091999
2021-04-19 15:17:19,77380257
2021-04-20 11:41:48,77583640
2021-04-21 11:31:05,77862247
2021-04-22 10:26:47,78077264
2021-04-23 02:46:29,78074772
2021-04-23 21:40:21,78220553
2021-04-24 16:45:30,78261262
2021-04-25 10:24:34,78069343
2021-04-26 02:34:56,77929035
2021-04-27 02:25:12,78087568
2021-04-27 19:27:30,78077952
2021-04-28 13:17:52,78022998
2021-04-29 09:47:57,78138546
2021-04-30 05:51:39,78174605
2021-04-30 23:43:17,78212218
2021-05-01 19:41:04,78209389
2021-05-02 10:07:24,77890929
2021-05-02 23:49:40,77547835
2021-05-03 14:17:52,77284667
2021-05-04 04:18:33,77140749
2021-05-04 19:35:37,77047214
2021-05-05 10:21:27,76874515
2021-05-06 02:54:24,76950446
2021-05-06 19:30:46,76953039
2021-05-07 08:36:18,76832807
2021-05-08 00:11:07,76848745
2021-05-08 14:19:24,76678462
2021-05-09 05:55:51,76608997
2021-05-09 17:55:04,76345548
2021-05-10 08:18:48,76079435
2021-05-10 23:50:21,76134048
2021-05-11 14:20:40,76046008
2021-05-12 07:06:28,76134293
2021-05-12 20:38:11,76084684
2021-05-13 12:11:51,75976437
2021-05-14 04:50:21,76049127